Series Name,Series Code,Country Name,Country Code,2018 [YR2018],2017 [YR2017],2016 [YR2016],2015 [YR2015],2014 [YR2014],2013 [YR2013],2012 [YR2012],2011 [YR2011],2010 [YR2010],2009 [YR2009],2008 [YR2008],2007 [YR2007],2006 [YR2006],2005 [YR2005],2004 [YR2004],2003 [YR2003],2002 [YR2002],2001 [YR2001],2000 [YR2000],1999 [YR1999],1998 [YR1998],1997 [YR1997],1996 [YR1996],1995 [YR1995],1994 [YR1994],1993 [YR1993],1992 [YR1992],1991 [YR1991],1990 [YR1990],1989 [YR1989],1988 [YR1988],1987 [YR1987],1986 [YR1986],1985 [YR1985],1984 [YR1984],1983 [YR1983],1982 [YR1982],1981 [YR1981],1980 [YR1980],1979 [YR1979],1978 [YR1978],1977 [YR1977],1976 [YR1976],1975 [YR1975],1974 [YR1974],1973 [YR1973],1972 [YR1972],1971 [YR1971],1970 [YR1970],1969 [YR1969],1968 [YR1968],1967 [YR1967],1966 [YR1966],1965 [YR1965],1964 [YR1964],1963 [YR1963],1962 [YR1962],1961 [YR1961],1960 [YR1960]
Domestic general government health expenditure per capita (current US$),SH.XPD.GHED.PC.CD,Afghanistan,AFG,2.72140895,3.34826009,3.05628788,3.04678667,2.92699537,2.77086252,2.233482,2.85096025,2.4630628,2.26027417,2.33226259,1.76791153,1.30457162,1.27081888,1.12990194,1.24027791,0.14087316,..,..,..,..,..,..,..,..,..,..,..,..,..,..,..,..,..,..,..,..,..,..,..,..,..,..,..,..,..,..,..,..,..,..,..,..,..,..,..,..,..,..
Domestic general government health expenditure per capita (current US$),SH.XPD.GHED.PC.CD,Albania,ALB,148.4365691,120.75823508,115.21235199,107.59863316,118.45738839,113.41702105,103.79718042,104.12452595,96.23779383,94.71818238,97.43617521,85.71827904,74.33125468,69.52596734,65.20411534,47.62977288,36.06915495,34.54579114,30.82557931,..,..,..,..,..,..,..,..,..,..,..,..,..,..,..,..,..,..,..,..,..,..,..,..,..,..,..,..,..,..,..,..,..,..,..,..,..,..,..,..
Domestic general government health expenditure per capita (current US$),SH.XPD.GHED.PC.CD,Algeria,DZA,168.57567796,170.19951188,176.50280955,205.42679132,258.97246304,235.83873885,244.72357672,202.94465491,159.3153402,147.52385247,148.94785553,105.35535429,79.90575638,69.78548822,66.00664235,58.0907601,50.032731,50.92126297,44.31665313,..,..,..,..,..,..,..,..,..,..,..,..,..,..,..,..,..,..,..,..,..,..,..,..,..,..,..,..,..,..,..,..,..,..,..,..,..,..,..,..
Domestic general government health expenditure per capita (current US$),SH.XPD.GHED.PC.CD,American Samoa,ASM,..,..,..,..,..,..,..,..,..,..,..,..,..,..,..,..,..,..,..,..,..,..,..,..,..,..,..,..,..,..,..,..,..,..,..,..,..,..,..,..,..,..,..,..,..,..,..,..,..,..,..,..,..,..,..,..,..,..,..
Domestic general government health expenditure per capita (current US$),SH.XPD.GHED.PC.CD,Andorra,AND,1916.98456252,1789.86121297,1631.38665557,1549.63119418,1725.14075623,1627.33449585,1574.37585594,1759.51587329,1866.29220845,1858.5486664,1851.51329631,1451.70740953,1309.37946259,1495.56597778,1279.09218323,1174.12191903,1020.4407744,877.02698482,852.42050463,..,..,..,..,..,..,..,..,..,..,..,..,..,..,..,..,..,..,..,..,..,..,..,..,..,..,..,..,..,..,..,..,..,..,..,..,..,..,..,..
Domestic general government health expenditure per capita (current US$),SH.XPD.GHED.PC.CD,Angola,AGO,36.73723231,52.91251824,41.98650334,51.43055902,71.29150188,89.07904913,79.7316527,79.07305692,60.06458607,81.20663802,87.26835466,53.76035045,37.5408628,24.32736989,21.17677491,14.40624147,11.41769656,13.1984744,7.56664377,..,..,..,..,..,..,..,..,..,..,..,..,..,..,..,..,..,..,..,..,..,..,..,..,..,..,..,..,..,..,..,..,..,..,..,..,..,..,..,..
Domestic general government health expenditure per capita (current US$),SH.XPD.GHED.PC.CD,Antigua and Barbuda,ATG,485.82119188,421.22646282,434.76428894,450.94358223,469.04334452,398.87144887,409.4112173,395.11124295,409.27522186,324.6601344,342.06752753,356.52176703,343.26630876,348.59618646,339.91277735,361.06549535,321.44638426,333.04801672,296.50085986,..,..,..,..,..,..,..,..,..,..,..,..,..,..,..,..,..,..,..,..,..,..,..,..,..,..,..,..,..,..,..,..,..,..,..,..,..,..,..,..
Domestic general government health expenditure per capita (current US$),SH.XPD.GHED.PC.CD,Argentina,ARG,692.61743135,966.72963849,716.4738335,1021.71045491,841.48920147,904.13348228,854.26357877,728.91668551,580.7029151,471.08900065,411.30692067,310.67294178,239.76034285,201.86562662,161.42892646,143.50332189,122.12313832,370.28302256,387.92160925,..,..,..,..,..,..,..,..,..,..,..,..,..,..,..,..,..,..,..,..,..,..,..,..,..,..,..,..,..,..,..,..,..,..,..,..,..,..,..,..
Domestic general government health expenditure per capita (current US$),SH.XPD.GHED.PC.CD,Armenia,ARM,52.11013478,53.72709008,58.81064273,58.08499052,60.01179356,52.80022312,58.10586937,58.98201922,54.27104865,54.24822636,59.6869212,50.66451567,34.23695818,24.30142711,15.42477493,11.22079696,9.17828166,9.29861671,5.94520865,..,..,..,..,..,..,..,..,..,..,..,..,..,..,..,..,..,..,..,..,..,..,..,..,..,..,..,..,..,..,..,..,..,..,..,..,..,..,..,..
Domestic general government health expenditure per capita (current US$),SH.XPD.GHED.PC.CD,Aruba,ABW,..,..,..,..,..,..,..,..,..,..,..,..,..,..,..,..,..,..,..,..,..,..,..,..,..,..,..,..,..,..,..,..,..,..,..,..,..,..,..,..,..,..,..,..,..,..,..,..,..,..,..,..,..,..,..,..,..,..,..
Domestic general government health expenditure per capita (current US$),SH.XPD.GHED.PC.CD,Australia,AUS,3689.90078678,3668.34319773,3422.32282687,3327.91043276,3786.09967025,3939.88214031,4292.13358342,4294.30063836,3578.09502126,2917.01924,2958.84488358,2770.2442102,2282.43419943,2164.52642414,1983.68027195,1604.67229503,1273.63240323,1112.25500544,1177.26436874,..,..,..,..,..,..,..,..,..,..,..,..,..,..,..,..,..,..,..,..,..,..,..,..,..,..,..,..,..,..,..,..,..,..,..,..,..,..,..,..
Domestic general government health expenditure per capita (current US$),SH.XPD.GHED.PC.CD,Austria,AUT,3863.31498328,3541.2074424,3408.04957304,3342.26833668,3911.28340535,3778.29665705,3618.98198149,3756.43685306,3475.56824212,3590.60529525,3732.00021647,3260.49907236,2828.75746721,2695.66656984,2590.12369117,2260.87947489,1834.3865169,1680.96545472,1682.86150358,..,..,..,..,..,..,..,..,..,..,..,..,..,..,..,..,..,..,..,..,..,..,..,..,..,..,..,..,..,..,..,..,..,..,..,..,..,..,..,..
Domestic general government health expenditure per capita (current US$),SH.XPD.GHED.PC.CD,Azerbaijan,AZE,43.97442155,41.59234646,45.24860304,71.84861122,89.28279353,84.00007611,83.75854822,68.35272023,59.20447668,56.11966319,47.82955894,34.35571336,21.05617338,14.23885447,8.87974358,6.77961187,5.53407252,5.50150092,5.62703735,..,..,..,..,..,..,..,..,..,..,..,..,..,..,..,..,..,..,..,..,..,..,..,..,..,..,..,..,..,..,..,..,..,..,..,..,..,..,..,..
Domestic general government health expenditure per capita (current US$),SH.XPD.GHED.PC.CD,"Bahamas, The",BHS,1000.11577909,1196.87341609,863.1836909,725.54079226,750.84723592,734.34976433,682.16942332,665.114313,673.92048723,670.19023298,638.43361265,566.55927063,508.99795957,480.70639468,457.63621166,461.29519741,435.71713317,430.49311779,408.04359033,..,..,..,..,..,..,..,..,..,..,..,..,..,..,..,..,..,..,..,..,..,..,..,..,..,..,..,..,..,..,..,..,..,..,..,..,..,..,..,..
Domestic general government health expenditure per capita (current US$),SH.XPD.GHED.PC.CD,Bahrain,BHR,584.89891239,652.87674579,674.32101943,732.39299988,716.52201644,694.91926832,634.77384216,503.62603754,501.43030139,501.81269896,500.60008249,454.03206046,407.66982204,385.6180285,357.57170178,354.13611309,335.61867978,324.34040427,320.71232923,..,..,..,..,..,..,..,..,..,..,..,..,..,..,..,..,..,..,..,..,..,..,..,..,..,..,..,..,..,..,..,..,..,..,..,..,..,..,..,..
Domestic general government health expenditure per capita (current US$),SH.XPD.GHED.PC.CD,Bangladesh,BGD,7.1157897,6.24578523,5.67698142,5.79152348,5.66212682,5.2628843,4.80208046,4.77990271,4.37442008,3.6485982,3.37193574,3.27479644,2.84802358,2.57635743,2.708562,2.56999362,2.30798473,1.84567584,2.45598325,..,..,..,..,..,..,..,..,..,..,..,..,..,..,..,..,..,..,..,..,..,..,..,..,..,..,..,..,..,..,..,..,..,..,..,..,..,..,..,..
Domestic general government health expenditure per capita (current US$),SH.XPD.GHED.PC.CD,Barbados,BRB,521.43027343,522.32837675,532.48754886,528.85674901,541.74122078,626.21294531,699.36306182,550.67320584,581.36205273,619.99304706,612.43384221,553.08377646,563.00647081,535.17028347,543.51677922,439.76525938,356.37302114,330.03810174,311.54032759,..,..,..,..,..,..,..,..,..,..,..,..,..,..,..,..,..,..,..,..,..,..,..,..,..,..,..,..,..,..,..,..,..,..,..,..,..,..,..,..
Domestic general government health expenditure per capita (current US$),SH.XPD.GHED.PC.CD,Belarus,BLR,247.68008379,230.50936587,211.84821094,220.49508221,281.84219091,286.02341646,240.20671913,202.5962541,233.85366391,187.69611875,231.38846699,197.26414523,160.04984661,147.73715571,109.4631553,83.51525012,63.17391163,55.44907333,45.40636833,..,..,..,..,..,..,..,..,..,..,..,..,..,..,..,..,..,..,..,..,..,..,..,..,..,..,..,..,..,..,..,..,..,..,..,..,..,..,..,..
Domestic general government health expenditure per capita (current US$),SH.XPD.GHED.PC.CD,Belgium,BEL,3944.48729309,3692.65746232,3501.82486906,3257.5652961,3871.98092762,3765.966924,3603.06502786,3762.45015067,3455.36397029,3539.14730907,3525.69180973,3014.66816381,2644.08949208,2547.06440179,2484.4627564,2086.36026117,1536.92387855,1416.19480533,1378.75934711,..,..,..,..,..,..,..,..,..,..,..,..,..,..,..,..,..,..,..,..,..,..,..,..,..,..,..,..,..,..,..,..,..,..,..,..,..,..,..,..
Domestic general government health expenditure per capita (current US$),SH.XPD.GHED.PC.CD,Belize,BLZ,196.18195147,193.97157895,203.71819761,192.69036359,183.66950556,172.00199586,161.89618121,165.31682625,161.2980444,155.31262203,165.10675283,135.58038826,107.79454963,92.62862872,86.65720158,85.14881971,86.77960635,81.10135892,62.30260423,..,..,..,..,..,..,..,..,..,..,..,..,..,..,..,..,..,..,..,..,..,..,..,..,..,..,..,..,..,..,..,..,..,..,..,..,..,..,..,..
Domestic general government health expenditure per capita (current US$),SH.XPD.GHED.PC.CD,Benin,BEN,6.09102944,9.25648525,6.25092677,6.30409164,7.42984444,9.56709618,8.5510144,8.99635359,7.50893353,8.13668494,6.33501556,5.75803293,6.15900737,5.61845783,5.84409875,4.72824725,4.17199789,4.80310303,4.13761427,..,..,..,..,..,..,..,..,..,..,..,..,..,..,..,..,..,..,..,..,..,..,..,..,..,..,..,..,..,..,..,..,..,..,..,..,..,..,..,..
Domestic general government health expenditure per capita (current US$),SH.XPD.GHED.PC.CD,Bermuda,BMU,..,..,..,..,..,..,..,..,..,..,..,..,..,..,..,..,..,..,..,..,..,..,..,..,..,..,..,..,..,..,..,..,..,..,..,..,..,..,..,..,..,..,..,..,..,..,..,..,..,..,..,..,..,..,..,..,..,..,..
Domestic general government health expenditure per capita (current US$),SH.XPD.GHED.PC.CD,Bhutan,BTN,81.7279877,78.13637742,73.14326558,73.18416614,61.34941519,60.78598144,59.81879534,58.41002981,53.3841979,45.14197835,40.68577718,42.64613307,30.91381408,30.51069135,30.98314953,26.1007322,26.1667079,25.41285273,24.61167769,..,..,..,..,..,..,..,..,..,..,..,..,..,..,..,..,..,..,..,..,..,..,..,..,..,..,..,..,..,..,..,..,..,..,..,..,..,..,..,..
Domestic general government health expenditure per capita (current US$),SH.XPD.GHED.PC.CD,Bolivia,BOL,171.60088554,149.04412632,136.27885551,130.74249007,113.79569444,94.87787773,78.20132181,70.87426629,59.78466254,55.40348919,46.34298308,38.09759416,31.82558293,28.48199059,24.5279107,25.00134714,23.52915929,24.80346105,24.26097708,..,..,..,..,..,..,..,..,..,..,..,..,..,..,..,..,..,..,..,..,..,..,..,..,..,..,..,..,..,..,..,..,..,..,..,..,..,..,..,..
Domestic general government health expenditure per capita (current US$),SH.XPD.GHED.PC.CD,Bosnia and Herzegovina,BIH,377.21874829,338.12669345,327.53072247,305.96790547,355.2016697,337.5731184,310.96033656,316.04515062,284.34804313,289.1819782,268.9221162,214.7461189,165.60509467,143.48178815,139.27998618,123.76245125,79.13732798,66.69336253,60.4679834,..,..,..,..,..,..,..,..,..,..,..,..,..,..,..,..,..,..,..,..,..,..,..,..,..,..,..,..,..,..,..,..,..,..,..,..,..,..,..,..
Domestic general government health expenditure per capita (current US$),SH.XPD.GHED.PC.CD,Botswana,BWA,388.23126205,366.36184543,267.95357384,263.83612735,295.56285737,287.49150073,279.30124865,270.25498725,229.39633039,176.63599092,205.47419037,176.3124793,150.80029775,156.6463463,171.54796217,155.05502393,119.11149887,114.29142116,112.52039737,..,..,..,..,..,..,..,..,..,..,..,..,..,..,..,..,..,..,..,..,..,..,..,..,..,..,..,..,..,..,..,..,..,..,..,..,..,..,..,..
Domestic general government health expenditure per capita (current US$),SH.XPD.GHED.PC.CD,Brazil,BRA,355.91903424,392.49513308,343.91138183,339.67780168,448.03720962,436.8038849,414.97557967,459.04267387,403.70429006,318.75631568,309.48163806,256.05695028,208.4551487,160.25282695,126.10287816,107.75836211,104.67368504,111.01912191,130.12746068,..,..,..,..,..,..,..,..,..,..,..,..,..,..,..,..,..,..,..,..,..,..,..,..,..,..,..,..,..,..,..,..,..,..,..,..,..,..,..,..
Domestic general government health expenditure per capita (current US$),SH.XPD.GHED.PC.CD,British Virgin Islands,VGB,..,..,..,..,..,..,..,..,..,..,..,..,..,..,..,..,..,..,..,..,..,..,..,..,..,..,..,..,..,..,..,..,..,..,..,..,..,..,..,..,..,..,..,..,..,..,..,..,..,..,..,..,..,..,..,..,..,..,..
Domestic general government health expenditure per capita (current US$),SH.XPD.GHED.PC.CD,Brunei Darussalam,BRN,726.06939329,613.56660338,657.57367399,706.92057234,740.20534221,769.43044293,805.45322755,802.84593856,737.1447584,670.87679835,708.90029346,612.83297205,558.52588138,540.61661935,514.56875913,444.00542356,395.56805664,386.67430708,428.03847199,..,..,..,..,..,..,..,..,..,..,..,..,..,..,..,..,..,..,..,..,..,..,..,..,..,..,..,..,..,..,..,..,..,..,..,..,..,..,..,..
Domestic general government health expenditure per capita (current US$),SH.XPD.GHED.PC.CD,Bulgaria,BGR,397.63744044,343.09524268,310.03733992,291.45916059,352.49429819,309.6563905,283.79798622,300.93875305,267.77277696,247.12506234,252.36699808,201.38201398,163.76174839,159.49854216,138.53303846,118.84364516,87.91286595,67.18396259,56.27174488,..,..,..,..,..,..,..,..,..,..,..,..,..,..,..,..,..,..,..,..,..,..,..,..,..,..,..,..,..,..,..,..,..,..,..,..,..,..,..,..
Domestic general government health expenditure per capita (current US$),SH.XPD.GHED.PC.CD,Burkina Faso,BFA,17.11735616,19.27521451,16.42737716,9.51366673,12.89843595,12.69688662,8.06892267,10.11230179,8.46273827,10.24757375,8.757467,7.66278339,6.77496273,5.59985318,7.11148315,3.6720503,3.11753029,2.59517465,2.45820827,..,..,..,..,..,..,..,..,..,..,..,..,..,..,..,..,..,..,..,..,..,..,..,..,..,..,..,..,..,..,..,..,..,..,..,..,..,..,..,..
Domestic general government health expenditure per capita (current US$),SH.XPD.GHED.PC.CD,Burundi,BDI,6.22053323,5.97961042,5.39600836,7.3929131,7.6597365,3.95966466,6.73670056,8.66304198,4.65026197,4.3992711,3.09258097,4.25001131,3.95680656,3.12837897,3.03891369,1.5387474,1.8902518,2.27375349,1.99905989,..,..,..,..,..,..,..,..,..,..,..,..,..,..,..,..,..,..,..,..,..,..,..,..,..,..,..,..,..,..,..,..,..,..,..,..,..,..,..,..
Domestic general government health expenditure per capita (current US$),SH.XPD.GHED.PC.CD,Cabo Verde,CPV,116.05828874,108.03401704,96.4463752,96.59447036,109.2203593,110.50070436,106.0084042,107.16269176,95.61633471,96.86951923,91.19065835,94.81318537,78.39768224,69.56646666,69.99239547,65.33809283,53.05631839,49.02309212,44.94274967,..,..,..,..,..,..,..,..,..,..,..,..,..,..,..,..,..,..,..,..,..,..,..,..,..,..,..,..,..,..,..,..,..,..,..,..,..,..,..,..
Domestic general government health expenditure per capita (current US$),SH.XPD.GHED.PC.CD,Cambodia,KHM,24.98236818,21.01974791,16.93399564,15.63701769,13.55685972,14.38609314,13.37606311,11.29199085,10.70508094,8.98497398,7.63736545,6.1383825,5.18114022,5.78664301,5.60792901,5.38908082,4.75402649,3.81288798,3.89915439,..,..,..,..,..,..,..,..,..,..,..,..,..,..,..,..,..,..,..,..,..,..,..,..,..,..,..,..,..,..,..,..,..,..,..,..,..,..,..,..
Domestic general government health expenditure per capita (current US$),SH.XPD.GHED.PC.CD,Cameroon,CMR,3.22925578,2.0749774,5.17153014,5.03007415,9.46123297,7.33903006,8.98377825,8.39464927,5.49530933,6.32352301,7.92787592,7.26817505,7.43658182,7.17409575,7.69587765,8.15272597,6.76941982,5.36559781,4.39384712,..,..,..,..,..,..,..,..,..,..,..,..,..,..,..,..,..,..,..,..,..,..,..,..,..,..,..,..,..,..,..,..,..,..,..,..,..,..,..,..
Domestic general government health expenditure per capita (current US$),SH.XPD.GHED.PC.CD,Canada,CAN,3521.60526314,3395.67656192,3224.5060744,3275.17462897,3661.59299542,3849.57186893,3874.93785929,3791.71119017,3541.32949948,3067.90490802,3121.3970214,2931.78985004,2630.26466028,2407.61774936,2137.11057346,1874.51105499,1564.16490722,1502.57189769,1462.77408833,..,..,..,..,..,..,..,..,..,..,..,..,..,..,..,..,..,..,..,..,..,..,..,..,..,..,..,..,..,..,..,..,..,..,..,..,..,..,..,..
Domestic general government health expenditure per capita (current US$),SH.XPD.GHED.PC.CD,Cayman Islands,CYM,..,..,..,..,..,..,..,..,..,..,..,..,..,..,..,..,..,..,..,..,..,..,..,..,..,..,..,..,..,..,..,..,..,..,..,..,..,..,..,..,..,..,..,..,..,..,..,..,..,..,..,..,..,..,..,..,..,..,..
Domestic general government health expenditure per capita (current US$),SH.XPD.GHED.PC.CD,Central African Republic,CAF,3.36226694,3.2862543,2.41127521,1.72049046,3.01820324,3.73811169,3.52288388,2.29363174,2.8567515,3.53599197,4.05656731,5.32301333,4.5862288,3.62361983,4.88571384,4.73424015,3.72844409,3.6686372,4.09861085,..,..,..,..,..,..,..,..,..,..,..,..,..,..,..,..,..,..,..,..,..,..,..,..,..,..,..,..,..,..,..,..,..,..,..,..,..,..,..,..
Domestic general government health expenditure per capita (current US$),SH.XPD.GHED.PC.CD,Chad,TCD,4.9733974,4.67414164,5.76351306,7.46526741,12.64840388,11.16740574,9.26938307,8.25572427,7.62123485,7.47079435,7.41810357,8.21223611,7.09198155,9.45013897,9.86120462,5.75166763,5.25259237,4.11770268,3.90323795,..,..,..,..,..,..,..,..,..,..,..,..,..,..,..,..,..,..,..,..,..,..,..,..,..,..,..,..,..,..,..,..,..,..,..,..,..,..,..,..
Domestic general government health expenditure per capita (current US$),SH.XPD.GHED.PC.CD,Channel Islands,CHI,..,..,..,..,..,..,..,..,..,..,..,..,..,..,..,..,..,..,..,..,..,..,..,..,..,..,..,..,..,..,..,..,..,..,..,..,..,..,..,..,..,..,..,..,..,..,..,..,..,..,..,..,..,..,..,..,..,..,..
Domestic general government health expenditure per capita (current US$),SH.XPD.GHED.PC.CD,Chile,CHL,739.51575018,685.52047515,581.7443604,541.15891061,546.77089572,562.01099044,516.6596576,467.42573893,408.74025066,344.88891576,315.42771004,274.07396921,236.18555823,196.96631125,168.72554715,133.86224288,121.28538077,118.95856424,127.77419174,..,..,..,..,..,..,..,..,..,..,..,..,..,..,..,..,..,..,..,..,..,..,..,..,..,..,..,..,..,..,..,..,..,..,..,..,..,..,..,..
Domestic general government health expenditure per capita (current US$),SH.XPD.GHED.PC.CD,China,CHN,282.67976485,247.80805121,229.709797,234.76857954,209.89231344,186.007681,156.99349115,126.98555823,96.80070298,80.3303276,58.71938126,37.88625665,28.54349566,23.5411552,19.13295723,15.79029427,12.47502144,10.00668514,9.25432253,..,..,..,..,..,..,..,..,..,..,..,..,..,..,..,..,..,..,..,..,..,..,..,..,..,..,..,..,..,..,..,..,..,..,..,..,..,..,..,..
Domestic general government health expenditure per capita (current US$),SH.XPD.GHED.PC.CD,Colombia,COL,367.49579912,347.84822806,310.95358516,329.10578443,410.49878657,402.86869742,379.3983431,365.57263843,323.63204284,273.57861013,259.70613691,216.19031154,170.85422668,148.78235213,115.86842338,99.05069649,99.36810773,102.52782211,99.03982514,..,..,..,..,..,..,..,..,..,..,..,..,..,..,..,..,..,..,..,..,..,..,..,..,..,..,..,..,..,..,..,..,..,..,..,..,..,..,..,..
Domestic general government health expenditure per capita (current US$),SH.XPD.GHED.PC.CD,Comoros,COM,10.83967882,8.94695008,7.30735747,5.79209948,8.40046051,9.93204012,11.16144731,13.85299055,4.74524822,5.02904051,6.03780708,6.99584105,7.07797711,7.4122948,8.23731478,7.98310641,7.13856133,3.53383423,5.57472715,..,..,..,..,..,..,..,..,..,..,..,..,..,..,..,..,..,..,..,..,..,..,..,..,..,..,..,..,..,..,..,..,..,..,..,..,..,..,..,..
Domestic general government health expenditure per capita (current US$),SH.XPD.GHED.PC.CD,"Congo, Dem. Rep.",COD,2.79260914,1.93147854,2.59802606,3.29227445,2.68126936,2.28264735,2.26146207,1.37062323,1.3289327,0.93054347,0.95537721,0.69650036,0.57813109,0.47623266,0.36129468,0.39917203,0.1826289,0.23731138,0.79511098,..,..,..,..,..,..,..,..,..,..,..,..,..,..,..,..,..,..,..,..,..,..,..,..,..,..,..,..,..,..,..,..,..,..,..,..,..,..,..,..
Domestic general government health expenditure per capita (current US$),SH.XPD.GHED.PC.CD,"Congo, Rep.",COG,17.47318621,21.01097025,24.57038114,27.39484368,35.808966,36.38741188,32.12579172,23.20212058,25.48586103,14.48880508,31.92465292,13.28962996,11.96082993,7.93231265,6.32590484,5.68417373,4.36572684,9.11919269,5.97921476,..,..,..,..,..,..,..,..,..,..,..,..,..,..,..,..,..,..,..,..,..,..,..,..,..,..,..,..,..,..,..,..,..,..,..,..,..,..,..,..
Domestic general government health expenditure per capita (current US$),SH.XPD.GHED.PC.CD,Costa Rica,CRI,658.54824604,633.15003116,644.43555529,642.66127877,590.40190439,586.03215771,554.47616807,526.19895942,477.70310339,379.24154385,349.5645801,282.7485098,239.64932857,199.35849189,192.79089974,191.86831856,185.67407074,168.08297623,161.49818209,..,..,..,..,..,..,..,..,..,..,..,..,..,..,..,..,..,..,..,..,..,..,..,..,..,..,..,..,..,..,..,..,..,..,..,..,..,..,..,..
Domestic general government health expenditure per capita (current US$),SH.XPD.GHED.PC.CD,Cote d'Ivoire,CIV,20.97783234,20.04163932,17.33338474,15.86834091,16.78366786,14.24458639,12.82168331,9.79672147,9.85320936,11.22423118,10.34719282,8.64062184,7.32465384,6.8103553,7.14275322,6.21111832,5.40645519,4.68396963,5.29694132,..,..,..,..,..,..,..,..,..,..,..,..,..,..,..,..,..,..,..,..,..,..,..,..,..,..,..,..,..,..,..,..,..,..,..,..,..,..,..,..
Domestic general government health expenditure per capita (current US$),SH.XPD.GHED.PC.CD,Croatia,HRV,843.92785855,747.78790319,695.96248634,661.04181318,764.23431119,756.92166104,851.29390891,928.32412898,939.49718734,983.64644925,1055.31819055,899.78440491,690.83553835,617.98044406,506.54654589,416.53426276,305.33600857,319.20201979,315.49635884,..,..,..,..,..,..,..,..,..,..,..,..,..,..,..,..,..,..,..,..,..,..,..,..,..,..,..,..,..,..,..,..,..,..,..,..,..,..,..,..
Domestic general government health expenditure per capita (current US$),SH.XPD.GHED.PC.CD,Cuba,CUB,877.43903101,894.68030934,882.49759016,891.32181603,781.64091896,624.85508369,523.87388083,622.76239493,555.98750644,623.90905715,556.95464691,514.74868628,331.61944297,281.35502682,185.69175311,180.60975585,171.79106742,160.91836864,151.3333567,..,..,..,..,..,..,..,..,..,..,..,..,..,..,..,..,..,..,..,..,..,..,..,..,..,..,..,..,..,..,..,..,..,..,..,..,..,..,..,..
Domestic general government health expenditure per capita (current US$),SH.XPD.GHED.PC.CD,Curacao,CUW,..,..,..,..,..,..,..,..,..,..,..,..,..,..,..,..,..,..,..,..,..,..,..,..,..,..,..,..,..,..,..,..,..,..,..,..,..,..,..,..,..,..,..,..,..,..,..,..,..,..,..,..,..,..,..,..,..,..,..
Domestic general government health expenditure per capita (current US$),SH.XPD.GHED.PC.CD,Cyprus,CYP,845.70648591,732.06990917,689.99027301,668.16619129,796.74238636,873.00246515,872.10744523,1002.41883006,935.62803464,895.4440157,896.84198561,731.29557152,631.33856537,566.50520102,531.35339519,503.29116735,395.19348466,327.18671488,308.27648521,..,..,..,..,..,..,..,..,..,..,..,..,..,..,..,..,..,..,..,..,..,..,..,..,..,..,..,..,..,..,..,..,..,..,..,..,..,..,..,..
Domestic general government health expenditure per capita (current US$),SH.XPD.GHED.PC.CD,Czech Republic,CZE,1460.20850851,1206.80656219,1082.12039155,1055.9097278,1249.22522547,1296.55383277,1159.09999182,1269.27130281,1142.1187846,1195.37961567,1173.89025696,930.24390162,805.53871887,726.68377441,653.80276218,560.46039046,438.38212471,339.77447904,304.18498783,..,..,..,..,..,..,..,..,..,..,..,..,..,..,..,..,..,..,..,..,..,..,..,..,..,..,..,..,..,..,..,..,..,..,..,..,..,..,..,..
Domestic general government health expenditure per capita (current US$),SH.XPD.GHED.PC.CD,Denmark,DNK,5214.66021716,4873.52175164,4681.91165258,4604.26089816,5371.95224569,5254.99365695,5042.00475799,5251.77487517,5042.46168036,5254.76143543,5156.95134352,4577.48692282,4008.06871201,3720.54368225,3504.77799773,3026.66444776,2426.8539348,2170.75218637,2074.39913393,..,..,..,..,..,..,..,..,..,..,..,..,..,..,..,..,..,..,..,..,..,..,..,..,..,..,..,..,..,..,..,..,..,..,..,..,..,..,..,..
Domestic general government health expenditure per capita (current US$),SH.XPD.GHED.PC.CD,Djibouti,DJI,35.12189169,33.54147372,37.26695846,45.2974055,43.49582708,41.79916365,41.36710264,43.66953435,34.10254198,32.78678409,30.97423629,25.63847374,23.4499744,17.75280199,17.43889722,17.44150759,14.41397308,13.84297028,15.3418831,..,..,..,..,..,..,..,..,..,..,..,..,..,..,..,..,..,..,..,..,..,..,..,..,..,..,..,..,..,..,..,..,..,..,..,..,..,..,..,..
Domestic general government health expenditure per capita (current US$),SH.XPD.GHED.PC.CD,Dominica,DMA,318.10812798,275.09409827,269.16919273,247.09000432,235.06995657,230.17781715,238.32805133,222.66269118,206.14493376,184.55460703,169.14761963,150.05963724,148.767623,144.12876505,134.19192686,132.34597665,116.29030149,125.62176413,160.81540916,..,..,..,..,..,..,..,..,..,..,..,..,..,..,..,..,..,..,..,..,..,..,..,..,..,..,..,..,..,..,..,..,..,..,..,..,..,..,..,..
Domestic general government health expenditure per capita (current US$),SH.XPD.GHED.PC.CD,Dominican Republic,DOM,204.4886834,204.09861824,194.01098137,163.89980281,162.63589622,173.30582925,168.8729977,161.15356945,139.79503965,117.42609198,107.90779126,79.3165824,57.59704011,54.78721176,28.54639086,28.05060291,52.23947375,50.71805223,49.07778188,..,..,..,..,..,..,..,..,..,..,..,..,..,..,..,..,..,..,..,..,..,..,..,..,..,..,..,..,..,..,..,..,..,..,..,..,..,..,..,..
Domestic general government health expenditure per capita (current US$),SH.XPD.GHED.PC.CD,Ecuador,ECU,310.38333428,282.38910084,267.61888037,264.1190302,262.39712785,231.67283295,195.3363882,159.42210004,131.35118459,100.75824276,89.1929884,72.98316651,60.50460006,50.51870739,46.63003145,40.4646993,30.68825458,23.77916519,13.88283987,..,..,..,..,..,..,..,..,..,..,..,..,..,..,..,..,..,..,..,..,..,..,..,..,..,..,..,..,..,..,..,..,..,..,..,..,..,..,..,..
Domestic general government health expenditure per capita (current US$),SH.XPD.GHED.PC.CD,"Egypt, Arab Rep.",EGY,36.07154684,35.30042287,47.37620217,57.31068576,49.40855965,44.07866568,43.27081659,42.39104152,37.29375713,37.38305621,33.43326712,27.86296754,25.70510797,20.6191887,17.53309091,17.18155866,23.52181389,25.00748739,25.91776918,..,..,..,..,..,..,..,..,..,..,..,..,..,..,..,..,..,..,..,..,..,..,..,..,..,..,..,..,..,..,..,..,..,..,..,..,..,..,..,..
Domestic general government health expenditure per capita (current US$),SH.XPD.GHED.PC.CD,El Salvador,SLV,184.22164337,179.78604583,189.06350953,181.80489056,171.48872861,169.74912543,154.8529993,158.98667336,132.56131225,119.1962424,121.38635221,115.65872251,120.02144623,103.17164503,91.51468633,85.93227319,85.03211899,79.44294899,78.92409891,..,..,..,..,..,..,..,..,..,..,..,..,..,..,..,..,..,..,..,..,..,..,..,..,..,..,..,..,..,..,..,..,..,..,..,..,..,..,..,..
Domestic general government health expenditure per capita (current US$),SH.XPD.GHED.PC.CD,Equatorial Guinea,GNQ,62.46933828,57.11978133,64.24285554,62.55572044,91.33473003,87.11214547,113.81716623,87.64011314,78.44378944,98.40315014,68.59957718,46.15618461,33.62106227,22.57914266,13.32019307,10.9558267,4.98816705,5.03174276,6.09823518,..,..,..,..,..,..,..,..,..,..,..,..,..,..,..,..,..,..,..,..,..,..,..,..,..,..,..,..,..,..,..,..,..,..,..,..,..,..,..,..
Domestic general government health expenditure per capita (current US$),SH.XPD.GHED.PC.CD,Eritrea,ERI,3.74254667,5.61972812,4.72182617,4.45942546,4.0434569,4.65340911,5.50293491,4.95309925,5.14861201,4.28775491,4.46973226,4.13524377,2.62819339,2.56525168,4.92094778,4.32180627,4.82163824,4.39367236,4.89473953,..,..,..,..,..,..,..,..,..,..,..,..,..,..,..,..,..,..,..,..,..,..,..,..,..,..,..,..,..,..,..,..,..,..,..,..,..,..,..,..
Domestic general government health expenditure per capita (current US$),SH.XPD.GHED.PC.CD,Estonia,EST,1142.94798997,992.6257755,894.72911438,838.67255317,934.01630247,863.86729789,771.52268893,761.89769577,687.51033433,743.25765188,791.95699489,625.1612277,449.03341436,388.3401079,336.5958372,265.55016015,190.8970456,168.02286299,159.51070565,..,..,..,..,..,..,..,..,..,..,..,..,..,..,..,..,..,..,..,..,..,..,..,..,..,..,..,..,..,..,..,..,..,..,..,..,..,..,..,..
Domestic general government health expenditure per capita (current US$),SH.XPD.GHED.PC.CD,Eswatini,SWZ,144.30614657,138.72900979,97.48945025,108.36774951,110.66221898,140.65176295,154.54069246,162.39591331,176.24663236,151.05763509,139.73584014,124.91599754,109.89477954,112.27129591,81.62083601,62.67464627,34.04855096,36.28251524,41.675387,..,..,..,..,..,..,..,..,..,..,..,..,..,..,..,..,..,..,..,..,..,..,..,..,..,..,..,..,..,..,..,..,..,..,..,..,..,..,..,..
Domestic general government health expenditure per capita (current US$),SH.XPD.GHED.PC.CD,Ethiopia,ETH,5.66116337,6.21623727,6.26851668,6.03921965,3.94676136,5.36567992,4.85543904,1.2888907,2.88485937,3.05039505,1.61601861,3.19382814,2.17659026,2.80392906,1.8069961,2.71381866,2.32263118,2.39679758,2.21982536,..,..,..,..,..,..,..,..,..,..,..,..,..,..,..,..,..,..,..,..,..,..,..,..,..,..,..,..,..,..,..,..,..,..,..,..,..,..,..,..
Domestic general government health expenditure per capita (current US$),SH.XPD.GHED.PC.CD,Faroe Islands,FRO,..,..,..,..,..,..,..,..,..,..,..,..,..,..,..,..,..,..,..,..,..,..,..,..,..,..,..,..,..,..,..,..,..,..,..,..,..,..,..,..,..,..,..,..,..,..,..,..,..,..,..,..,..,..,..,..,..,..,..
Domestic general government health expenditure per capita (current US$),SH.XPD.GHED.PC.CD,Fiji,FJI,146.56089383,128.77714138,118.4408061,113.12075385,115.82001015,98.13695728,95.19622256,89.61178393,86.36805312,79.77254469,99.81191282,108.873239,100.50497985,95.81318582,80.10754184,68.34665424,53.90855254,46.10027733,59.18611918,..,..,..,..,..,..,..,..,..,..,..,..,..,..,..,..,..,..,..,..,..,..,..,..,..,..,..,..,..,..,..,..,..,..,..,..,..,..,..,..
Domestic general government health expenditure per capita (current US$),SH.XPD.GHED.PC.CD,Finland,FIN,3547.37301349,3302.63341249,3196.66439938,3242.43077962,3916.28471945,3887.33399866,3649.06869796,3733.42348468,3337.77911749,3435.35759113,3532.43321764,3075.64783593,2683.33192537,2512.3810014,2363.15187855,2015.41609413,1578.10044442,1376.51885918,1304.68167899,..,..,..,..,..,..,..,..,..,..,..,..,..,..,..,..,..,..,..,..,..,..,..,..,..,..,..,..,..,..,..,..,..,..,..,..,..,..,..,..
Domestic general government health expenditure per capita (current US$),SH.XPD.GHED.PC.CD,France,FRA,3536.84388269,3339.20692284,3198.44076509,3040.56193262,3512.86115662,3446.7926605,3264.73091351,3462.4546035,3235.02319063,3348.52673268,3395.28622912,3065.91113162,2716.6304043,2593.60729683,2512.53966384,2183.64312079,1788.37252027,1595.38420949,1572.29595064,..,..,..,..,..,..,..,..,..,..,..,..,..,..,..,..,..,..,..,..,..,..,..,..,..,..,..,..,..,..,..,..,..,..,..,..,..,..,..,..
Domestic general government health expenditure per capita (current US$),SH.XPD.GHED.PC.CD,French Polynesia,PYF,..,..,..,..,..,..,..,..,..,..,..,..,..,..,..,..,..,..,..,..,..,..,..,..,..,..,..,..,..,..,..,..,..,..,..,..,..,..,..,..,..,..,..,..,..,..,..,..,..,..,..,..,..,..,..,..,..,..,..
Domestic general government health expenditure per capita (current US$),SH.XPD.GHED.PC.CD,Gabon,GAB,128.02356787,127.24021296,140.42562596,115.60706275,146.56382663,176.53411751,145.5199609,171.39596252,139.22316549,119.81379357,108.94757473,104.32998787,86.51061325,71.74710197,78.0337273,70.80895037,49.68064662,50.43227551,46.85469911,..,..,..,..,..,..,..,..,..,..,..,..,..,..,..,..,..,..,..,..,..,..,..,..,..,..,..,..,..,..,..,..,..,..,..,..,..,..,..,..
Domestic general government health expenditure per capita (current US$),SH.XPD.GHED.PC.CD,"Gambia, The",GMB,7.84882874,7.21207259,8.90946057,6.59594272,6.63485763,7.59199813,8.70842856,7.73823541,7.68123756,7.33447964,6.54939948,5.35661111,5.69487875,5.28516416,4.87807642,3.31607679,3.32809449,4.37442995,4.47985806,..,..,..,..,..,..,..,..,..,..,..,..,..,..,..,..,..,..,..,..,..,..,..,..,..,..,..,..,..,..,..,..,..,..,..,..,..,..,..,..
Domestic general government health expenditure per capita (current US$),SH.XPD.GHED.PC.CD,Georgia,GEO,123.41461114,106.43275726,110.48717408,98.11567014,95.29625766,78.8464454,63.4773213,51.86966782,57.7621349,55.07428344,48.73807195,27.43956667,22.52198662,18.86848936,14.69281108,11.10494651,9.19732551,8.74530427,5.91609313,..,..,..,..,..,..,..,..,..,..,..,..,..,..,..,..,..,..,..,..,..,..,..,..,..,..,..,..,..,..,..,..,..,..,..,..,..,..,..,..
Domestic general government health expenditure per capita (current US$),SH.XPD.GHED.PC.CD,Germany,DEU,4252.24100183,3929.43540244,3666.12057286,3559.33680655,4087.85582136,3897.62802823,3595.32765894,3798.76654131,3490.59017758,3536.84400823,3515.62929409,3144.23806228,2782.41219223,2692.74223804,2625.87125189,2440.64435164,1998.13063515,1834.49397691,1833.38793314,..,..,..,..,..,..,..,..,..,..,..,..,..,..,..,..,..,..,..,..,..,..,..,..,..,..,..,..,..,..,..,..,..,..,..,..,..,..,..,..
Domestic general government health expenditure per capita (current US$),SH.XPD.GHED.PC.CD,Ghana,GHA,30.31431857,22.02634508,25.64308184,28.27448277,28.34966316,43.87369897,42.43892961,49.71651011,41.44991407,31.47890773,28.85198841,24.42589302,19.00023097,16.54180206,6.89670867,6.95338786,4.89082447,6.58282023,4.61476138,..,..,..,..,..,..,..,..,..,..,..,..,..,..,..,..,..,..,..,..,..,..,..,..,..,..,..,..,..,..,..,..,..,..,..,..,..,..,..,..
Domestic general government health expenditure per capita (current US$),SH.XPD.GHED.PC.CD,Gibraltar,GIB,..,..,..,..,..,..,..,..,..,..,..,..,..,..,..,..,..,..,..,..,..,..,..,..,..,..,..,..,..,..,..,..,..,..,..,..,..,..,..,..,..,..,..,..,..,..,..,..,..,..,..,..,..,..,..,..,..,..,..
Domestic general government health expenditure per capita (current US$),SH.XPD.GHED.PC.CD,Greece,GRC,812.47862476,784.68483166,775.67285061,825.65420536,971.64546749,1106.98498463,1239.1604873,1536.7378078,1766.96422637,1919.17341071,1855.8395566,1537.00649634,1264.75851416,1177.30244372,1045.11512219,937.71392632,706.64398939,635.10749389,545.6468532,..,..,..,..,..,..,..,..,..,..,..,..,..,..,..,..,..,..,..,..,..,..,..,..,..,..,..,..,..,..,..,..,..,..,..,..,..,..,..,..
Domestic general government health expenditure per capita (current US$),SH.XPD.GHED.PC.CD,Greenland,GRL,..,..,..,..,..,..,..,..,..,..,..,..,..,..,..,..,..,..,..,..,..,..,..,..,..,..,..,..,..,..,..,..,..,..,..,..,..,..,..,..,..,..,..,..,..,..,..,..,..,..,..,..,..,..,..,..,..,..,..
Domestic general government health expenditure per capita (current US$),SH.XPD.GHED.PC.CD,Grenada,GRD,195.24805783,191.65971517,169.98492355,176.02386545,175.19076274,177.46270103,177.72244363,176.12911529,149.28978925,158.18125927,153.73433969,144.84630348,136.07355805,160.88727093,149.01458794,122.83902896,141.39082326,108.33052782,94.07554766,..,..,..,..,..,..,..,..,..,..,..,..,..,..,..,..,..,..,..,..,..,..,..,..,..,..,..,..,..,..,..,..,..,..,..,..,..,..,..,..
Domestic general government health expenditure per capita (current US$),SH.XPD.GHED.PC.CD,Guam,GUM,..,..,..,..,..,..,..,..,..,..,..,..,..,..,..,..,..,..,..,..,..,..,..,..,..,..,..,..,..,..,..,..,..,..,..,..,..,..,..,..,..,..,..,..,..,..,..,..,..,..,..,..,..,..,..,..,..,..,..
Domestic general government health expenditure per capita (current US$),SH.XPD.GHED.PC.CD,Guatemala,GTM,93.48613757,93.16503031,91.12022206,87.16999951,81.30940238,75.26333872,66.21677727,63.26445492,58.4787505,59.9512303,59.0382408,50.60159158,48.29447062,40.4893064,39.51553568,37.69350912,34.91457445,32.77201547,29.75475182,..,..,..,..,..,..,..,..,..,..,..,..,..,..,..,..,..,..,..,..,..,..,..,..,..,..,..,..,..,..,..,..,..,..,..,..,..,..,..,..
Domestic general government health expenditure per capita (current US$),SH.XPD.GHED.PC.CD,Guinea,GIN,5.89686852,5.13911695,4.86054411,3.3025013,4.81414296,3.75726057,3.56672576,3.32320817,2.44075911,1.7542929,1.92779125,1.58833073,1.12606935,1.29255472,1.35684307,2.29511327,2.99875682,1.67795189,1.47645048,..,..,..,..,..,..,..,..,..,..,..,..,..,..,..,..,..,..,..,..,..,..,..,..,..,..,..,..,..,..,..,..,..,..,..,..,..,..,..,..
Domestic general government health expenditure per capita (current US$),SH.XPD.GHED.PC.CD,Guinea-Bissau,GNB,4.44476206,4.00745354,3.38534346,3.56752165,4.00118995,3.71364497,3.29831521,3.23439581,6.40876542,16.00018727,14.57717872,13.49694647,11.46349083,12.79151677,14.28305513,9.69053542,6.45321385,9.71027505,10.25747599,..,..,..,..,..,..,..,..,..,..,..,..,..,..,..,..,..,..,..,..,..,..,..,..,..,..,..,..,..,..,..,..,..,..,..,..,..,..,..,..
Domestic general government health expenditure per capita (current US$),SH.XPD.GHED.PC.CD,Guyana,GUY,181.39357569,170.99520085,147.13875481,131.43356685,117.60966862,103.64094317,96.66000932,89.71614386,70.14577735,65.2981686,56.52410049,50.15916098,42.02208657,40.8493667,38.64673356,36.94345335,36.23865337,32.93944529,35.84593529,..,..,..,..,..,..,..,..,..,..,..,..,..,..,..,..,..,..,..,..,..,..,..,..,..,..,..,..,..,..,..,..,..,..,..,..,..,..,..,..
Domestic general government health expenditure per capita (current US$),SH.XPD.GHED.PC.CD,Haiti,HTI,7.69670437,7.39196048,6.51630312,7.44910627,6.63334406,6.76024906,6.06471536,5.39975456,9.81214415,9.14263522,8.85278641,8.06390313,2.38973514,4.39316982,4.0486961,2.67720235,3.13240966,5.21714648,6.49853943,..,..,..,..,..,..,..,..,..,..,..,..,..,..,..,..,..,..,..,..,..,..,..,..,..,..,..,..,..,..,..,..,..,..,..,..,..,..,..,..
Domestic general government health expenditure per capita (current US$),SH.XPD.GHED.PC.CD,Honduras,HND,70.95574395,69.61938581,72.02622585,67.86813983,70.44072094,73.45908844,72.54399599,81.3126943,70.38575332,71.00302665,57.72507493,52.77793139,46.82095453,38.19316663,29.85208072,30.26461068,28.80679642,28.23016202,33.0430036,..,..,..,..,..,..,..,..,..,..,..,..,..,..,..,..,..,..,..,..,..,..,..,..,..,..,..,..,..,..,..,..,..,..,..,..,..,..,..,..
Domestic general government health expenditure per capita (current US$),SH.XPD.GHED.PC.CD,"Hong Kong SAR, China",HKG,..,..,..,..,..,..,..,..,..,..,..,..,..,..,..,..,..,..,..,..,..,..,..,..,..,..,..,..,..,..,..,..,..,..,..,..,..,..,..,..,..,..,..,..,..,..,..,..,..,..,..,..,..,..,..,..,..,..,..
Domestic general government health expenditure per capita (current US$),SH.XPD.GHED.PC.CD,Hungary,HUN,747.06176731,673.72670328,619.01030946,590.08395664,671.32477167,655.89449317,623.20524528,704.17320842,655.00323097,641.5347757,756.86800194,680.09439452,628.40213996,628.05573478,555.92113121,477.88232053,327.59430456,240.64538239,215.56372693,..,..,..,..,..,..,..,..,..,..,..,..,..,..,..,..,..,..,..,..,..,..,..,..,..,..,..,..,..,..,..,..,..,..,..,..,..,..,..,..
Domestic general government health expenditure per capita (current US$),SH.XPD.GHED.PC.CD,Iceland,ISL,5414.59365441,5036.49359629,4130.94591847,3459.0592175,3601.74735281,3232.77003212,2961.81740353,3088.270989,2866.64067272,2981.60363694,3988.50582811,4861.02484933,4068.0397363,4140.524038,3586.35202441,3138.65151903,2517.34247889,2059.2750752,2315.54361653,..,..,..,..,..,..,..,..,..,..,..,..,..,..,..,..,..,..,..,..,..,..,..,..,..,..,..,..,..,..,..,..,..,..,..,..,..,..,..,..
Domestic general government health expenditure per capita (current US$),SH.XPD.GHED.PC.CD,India,IND,18.12649097,18.96377172,16.26476444,15.10636847,13.50609052,12.94719751,13.69979178,14.03344591,11.82685003,9.80957714,8.57171899,7.49355412,6.06210023,5.56846623,4.50721688,4.11719685,3.67565856,3.73719061,3.82632168,..,..,..,..,..,..,..,..,..,..,..,..,..,..,..,..,..,..,..,..,..,..,..,..,..,..,..,..,..,..,..,..,..,..,..,..,..,..,..,..
Domestic general government health expenditure per capita (current US$),SH.XPD.GHED.PC.CD,Indonesia,IDN,54.35259666,51.80135018,49.00949981,38.58095156,34.65483376,29.60270974,28.34493668,25.56586885,20.64165184,22.34682454,21.28919861,20.60823779,14.36624735,10.05940604,9.37371647,9.47914886,6.60132252,6.28449674,4.66481411,..,..,..,..,..,..,..,..,..,..,..,..,..,..,..,..,..,..,..,..,..,..,..,..,..,..,..,..,..,..,..,..,..,..,..,..,..,..,..,..
Domestic general government health expenditure per capita (current US$),SH.XPD.GHED.PC.CD,"Iran, Islamic Rep.",IRN,222.42095799,248.36230078,231.92481364,196.07396639,195.13134706,161.23483263,180.32675711,177.03173227,144.20245054,136.13366864,112.14146123,98.92397101,83.27188974,64.46585462,51.88258877,45.95380734,41.52982673,36.20769964,30.49174536,..,..,..,..,..,..,..,..,..,..,..,..,..,..,..,..,..,..,..,..,..,..,..,..,..,..,..,..,..,..,..,..,..,..,..,..,..,..,..,..
Domestic general government health expenditure per capita (current US$),SH.XPD.GHED.PC.CD,Iraq,IRQ,115.23301112,89.73070913,32.71926967,36.44884749,70.74422565,81.12217069,68.97269115,126.28293936,111.1524099,112.67102629,110.40961415,64.85775388,38.18249062,37.48722983,37.94211405,12.763121,..,..,..,..,..,..,..,..,..,..,..,..,..,..,..,..,..,..,..,..,..,..,..,..,..,..,..,..,..,..,..,..,..,..,..,..,..,..,..,..,..,..,..
Domestic general government health expenditure per capita (current US$),SH.XPD.GHED.PC.CD,Ireland,IRL,4065.23517923,3656.44117517,3424.568101,3284.60896672,3784.5730749,3761.5351061,3746.5812745,3996.09913216,3910.55039097,4241.16935267,4472.76311394,3849.66909269,3227.519565,3105.96676879,2748.78681208,2292.74260723,1738.08906564,1430.51244155,1212.97553375,..,..,..,..,..,..,..,..,..,..,..,..,..,..,..,..,..,..,..,..,..,..,..,..,..,..,..,..,..,..,..,..,..,..,..,..,..,..,..,..
Domestic general government health expenditure per capita (current US$),SH.XPD.GHED.PC.CD,Isle of Man,IMN,..,..,..,..,..,..,..,..,..,..,..,..,..,..,..,..,..,..,..,..,..,..,..,..,..,..,..,..,..,..,..,..,..,..,..,..,..,..,..,..,..,..,..,..,..,..,..,..,..,..,..,..,..,..,..,..,..,..,..
Domestic general government health expenditure per capita (current US$),SH.XPD.GHED.PC.CD,Israel,ISR,2149.07668452,1992.13508294,1784.5686413,1693.52492339,1780.06485761,1698.57900941,1504.39362705,1525.31878932,1403.58782058,1248.1952105,1314.44254836,1090.52616654,993.15915476,931.94936956,919.34278829,896.21946287,898.28893861,977.265481,955.32770131,..,..,..,..,..,..,..,..,..,..,..,..,..,..,..,..,..,..,..,..,..,..,..,..,..,..,..,..,..,..,..,..,..,..,..,..,..,..,..,..
Domestic general government health expenditure per capita (current US$),SH.XPD.GHED.PC.CD,Italy,ITA,2215.82254214,2071.75876188,2008.62916292,1991.64731916,2379.11038565,2385.81957867,2341.78854443,2612.2653196,2524.38775333,2613.62973054,2721.82867815,2396.37122443,2202.43568569,2074.79723855,1956.13715899,1629.48603057,1321.17311345,1184.00605505,1107.17941921,..,..,..,..,..,..,..,..,..,..,..,..,..,..,..,..,..,..,..,..,..,..,..,..,..,..,..,..,..,..,..,..,..,..,..,..,..,..,..,..
Domestic general government health expenditure per capita (current US$),SH.XPD.GHED.PC.CD,Jamaica,JAM,208.44001387,206.11187114,175.61269794,174.6656984,147.9875805,148.3048105,144.96247799,158.28044088,143.29946696,127.79085854,145.44608116,123.18890554,86.64794121,91.65909702,92.35168716,71.23479147,99.65882006,82.52005536,108.11977895,..,..,..,..,..,..,..,..,..,..,..,..,..,..,..,..,..,..,..,..,..,..,..,..,..,..,..,..,..,..,..,..,..,..,..,..,..,..,..,..
Domestic general government health expenditure per capita (current US$),SH.XPD.GHED.PC.CD,Japan,JPN,3565.37163173,3470.51808866,3508.06775066,3139.1343552,3448.22713737,3653.64319374,4374.62148788,4260.18442164,3326.64826148,2996.6288672,2608.57645934,2252.79646567,2212.35827511,2340.31588057,2308.63292169,2112.82531678,1941.82335998,2007.75652182,2204.33921213,..,..,..,..,..,..,..,..,..,..,..,..,..,..,..,..,..,..,..,..,..,..,..,..,..,..,..,..,..,..,..,..,..,..,..,..,..,..,..,..
Domestic general government health expenditure per capita (current US$),SH.XPD.GHED.PC.CD,Jordan,JOR,162.35442428,151.31623314,144.99306857,166.34064877,192.02927835,178.39199264,196.90547265,211.74055396,203.65838166,220.26006591,177.52319424,128.74882427,103.81351533,100.05295817,72.540823,79.6838143,82.49094553,77.58846469,71.58890923,..,..,..,..,..,..,..,..,..,..,..,..,..,..,..,..,..,..,..,..,..,..,..,..,..,..,..,..,..,..,..,..,..,..,..,..,..,..,..,..
Domestic general government health expenditure per capita (current US$),SH.XPD.GHED.PC.CD,Kazakhstan,KAZ,167.82114662,174.61731668,157.07693126,201.46159539,272.99271388,256.70151803,257.01179547,215.21409818,167.97560445,190.90427938,190.65132857,119.62582067,120.52884913,93.92126473,65.6484215,41.66827694,31.81171312,29.21209534,25.98142507,..,..,..,..,..,..,..,..,..,..,..,..,..,..,..,..,..,..,..,..,..,..,..,..,..,..,..,..,..,..,..,..,..,..,..,..,..,..,..,..
Domestic general government health expenditure per capita (current US$),SH.XPD.GHED.PC.CD,Kenya,KEN,31.70289745,27.95838025,31.04303913,28.17614425,26.8708697,22.50229174,20.68273064,17.42907875,16.85937436,15.21194428,14.77621451,12.85073474,10.00433616,8.50201775,7.17789906,7.20898033,6.56815237,6.1945162,5.86685749,..,..,..,..,..,..,..,..,..,..,..,..,..,..,..,..,..,..,..,..,..,..,..,..,..,..,..,..,..,..,..,..,..,..,..,..,..,..,..,..
Domestic general government health expenditure per capita (current US$),SH.XPD.GHED.PC.CD,Kiribati,KIR,150.43323027,132.47936363,117.5471352,105.10786502,134.97660573,133.59328362,136.76327349,140.94363962,127.53231978,112.89584899,149.82071455,126.21713049,111.98227859,134.91553746,136.25639222,104.08980575,94.40706424,87.27281572,66.60302041,..,..,..,..,..,..,..,..,..,..,..,..,..,..,..,..,..,..,..,..,..,..,..,..,..,..,..,..,..,..,..,..,..,..,..,..,..,..,..,..
Domestic general government health expenditure per capita (current US$),SH.XPD.GHED.PC.CD,"Korea, Dem. People's Rep.",PRK,..,..,..,..,..,..,..,..,..,..,..,..,..,..,..,..,..,..,..,..,..,..,..,..,..,..,..,..,..,..,..,..,..,..,..,..,..,..,..,..,..,..,..,..,..,..,..,..,..,..,..,..,..,..,..,..,..,..,..
Domestic general government health expenditure per capita (current US$),SH.XPD.GHED.PC.CD,"Korea, Rep.",KOR,1486.90499602,1307.40900946,1169.90883946,1100.67472474,1088.67512654,983.78915503,902.85722023,885.80626976,810.641688,654.38968728,659.27454895,720.89623109,628.17322602,505.62095832,406.84447409,360.80137839,307.41611631,284.35549705,238.67145127,..,..,..,..,..,..,..,..,..,..,..,..,..,..,..,..,..,..,..,..,..,..,..,..,..,..,..,..,..,..,..,..,..,..,..,..,..,..,..,..
Domestic general government health expenditure per capita (current US$),SH.XPD.GHED.PC.CD,Kosovo,XKX,..,..,..,..,..,..,..,..,..,..,..,..,..,..,..,..,..,..,..,..,..,..,..,..,..,..,..,..,..,..,..,..,..,..,..,..,..,..,..,..,..,..,..,..,..,..,..,..,..,..,..,..,..,..,..,..,..,..,..
Domestic general government health expenditure per capita (current US$),SH.XPD.GHED.PC.CD,Kuwait,KWT,1529.19153192,1186.71137326,1116.02661377,1068.53414868,1086.97291302,1031.77560235,1012.02919552,958.25560303,870.11723974,829.38395285,833.72718418,674.11184414,596.32701981,546.08718156,485.56250906,470.09464404,428.23015333,417.07619343,294.82993416,..,..,..,..,..,..,..,..,..,..,..,..,..,..,..,..,..,..,..,..,..,..,..,..,..,..,..,..,..,..,..,..,..,..,..,..,..,..,..,..
Domestic general government health expenditure per capita (current US$),SH.XPD.GHED.PC.CD,Kyrgyz Republic,KGZ,31.81318552,29.21611344,28.00947341,30.38823703,35.12708385,50.51268632,49.59518351,41.48167729,30.19677632,30.60106388,28.3248453,22.62972881,23.29426516,18.41468305,10.25996283,8.68700698,7.14085297,6.16430163,5.94282969,..,..,..,..,..,..,..,..,..,..,..,..,..,..,..,..,..,..,..,..,..,..,..,..,..,..,..,..,..,..,..,..,..,..,..,..,..,..,..,..
Domestic general government health expenditure per capita (current US$),SH.XPD.GHED.PC.CD,Lao PDR,LAO,22.33125644,21.8158674,17.78049727,18.48804361,13.67439011,13.05552602,6.90699446,5.18098936,7.25519597,12.00461222,5.04597645,4.56054018,4.29568101,4.80594277,3.718296,4.39897778,3.63190455,4.57594411,4.14985698,..,..,..,..,..,..,..,..,..,..,..,..,..,..,..,..,..,..,..,..,..,..,..,..,..,..,..,..,..,..,..,..,..,..,..,..,..,..,..,..
Domestic general government health expenditure per capita (current US$),SH.XPD.GHED.PC.CD,Latvia,LVA,657.76699444,533.06925711,488.53239027,455.29190463,511.25311062,484.39172674,449.90358253,485.49610847,414.72000041,444.18173688,551.09923525,471.773942,339.86211225,245.52303331,220.93496207,139.77731912,117.65004711,99.9082493,92.15301075,..,..,..,..,..,..,..,..,..,..,..,..,..,..,..,..,..,..,..,..,..,..,..,..,..,..,..,..,..,..,..,..,..,..,..,..,..,..,..,..
Domestic general government health expenditure per capita (current US$),SH.XPD.GHED.PC.CD,Lebanon,LBN,347.53618387,281.96712839,279.74385785,253.83135297,274.35827539,247.21447479,242.18865,274.36877874,232.7288058,196.86650945,187.95110718,182.95384813,164.32822456,132.66300512,137.511872,130.52697366,137.36950885,150.18777633,143.01458836,..,..,..,..,..,..,..,..,..,..,..,..,..,..,..,..,..,..,..,..,..,..,..,..,..,..,..,..,..,..,..,..,..,..,..,..,..,..,..,..
Domestic general government health expenditure per capita (current US$),SH.XPD.GHED.PC.CD,Lesotho,LSO,58.81941202,61.12754721,51.89301051,61.51220624,60.93506997,56.07531754,61.14675003,70.62227547,54.72976297,43.71767216,38.95753948,41.55362607,27.38944673,19.6750877,23.10229525,18.54234197,12.3855428,15.17740474,13.18465304,..,..,..,..,..,..,..,..,..,..,..,..,..,..,..,..,..,..,..,..,..,..,..,..,..,..,..,..,..,..,..,..,..,..,..,..,..,..,..,..
Domestic general government health expenditure per capita (current US$),SH.XPD.GHED.PC.CD,Liberia,LBR,11.42816198,9.79907154,9.88955277,8.3335218,5.84865715,2.45388411,5.63747205,8.84345521,4.03557701,4.53613619,6.36064003,3.19424279,2.33875611,1.68695429,1.97779796,1.23242666,1.52537138,2.44040663,2.2833533,..,..,..,..,..,..,..,..,..,..,..,..,..,..,..,..,..,..,..,..,..,..,..,..,..,..,..,..,..,..,..,..,..,..,..,..,..,..,..,..
Domestic general government health expenditure per capita (current US$),SH.XPD.GHED.PC.CD,Libya,LBY,..,..,..,..,..,..,..,196.13438074,279.0664378,244.34279864,217.32720638,183.27400243,153.45166909,137.10169352,132.73704408,125.65889818,121.09907688,138.30994831,119.17848244,..,..,..,..,..,..,..,..,..,..,..,..,..,..,..,..,..,..,..,..,..,..,..,..,..,..,..,..,..,..,..,..,..,..,..,..,..,..,..,..
Domestic general government health expenditure per capita (current US$),SH.XPD.GHED.PC.CD,Liechtenstein,LIE,..,..,..,..,..,..,..,..,..,..,..,..,..,..,..,..,..,..,..,..,..,..,..,..,..,..,..,..,..,..,..,..,..,..,..,..,..,..,..,..,..,..,..,..,..,..,..,..,..,..,..,..,..,..,..,..,..,..,..
Domestic general government health expenditure per capita (current US$),SH.XPD.GHED.PC.CD,Lithuania,LTU,824.25903927,705.84750951,650.03190771,608.13895331,679.87536795,628.96513904,597.50173685,650.90012872,572.43267481,621.53475345,662.31682073,463.64663757,334.66839359,266.46156019,229.82483624,251.828249,185.21521201,153.62081328,146.06750537,..,..,..,..,..,..,..,..,..,..,..,..,..,..,..,..,..,..,..,..,..,..,..,..,..,..,..,..,..,..,..,..,..,..,..,..,..,..,..,..
Domestic general government health expenditure per capita (current US$),SH.XPD.GHED.PC.CD,Luxembourg,LUX,5288.11180257,4843.67836174,4623.00433733,4581.85298213,5516.71684372,5330.71484286,5042.71027031,6049.91294271,6409.65582571,6651.78027984,6642.85749913,5695.17023981,5087.1007843,4895.90160589,4741.40321386,3862.39761425,3022.50954099,2612.06958584,2415.3285072,..,..,..,..,..,..,..,..,..,..,..,..,..,..,..,..,..,..,..,..,..,..,..,..,..,..,..,..,..,..,..,..,..,..,..,..,..,..,..,..
Domestic general government health expenditure per capita (current US$),SH.XPD.GHED.PC.CD,"Macao SAR, China",MAC,..,..,..,..,..,..,..,..,..,..,..,..,..,..,..,..,..,..,..,..,..,..,..,..,..,..,..,..,..,..,..,..,..,..,..,..,..,..,..,..,..,..,..,..,..,..,..,..,..,..,..,..,..,..,..,..,..,..,..
Domestic general government health expenditure per capita (current US$),SH.XPD.GHED.PC.CD,Madagascar,MDG,7.87811298,11.57426673,11.28941048,9.29849745,9.28020994,7.05690515,7.71940059,8.91535036,8.81541738,5.77918696,7.47749975,8.26060104,6.37374855,6.19633844,6.23459853,7.88450581,5.71248835,6.28509556,5.19064747,..,..,..,..,..,..,..,..,..,..,..,..,..,..,..,..,..,..,..,..,..,..,..,..,..,..,..,..,..,..,..,..,..,..,..,..,..,..,..,..
Domestic general government health expenditure per capita (current US$),SH.XPD.GHED.PC.CD,Malawi,MWI,9.14875615,8.70149403,8.58876543,10.22337455,8.19721354,7.27080944,5.27295412,8.67994701,7.62910699,6.51397144,7.46305147,3.43651799,4.09473711,4.29195862,3.41271819,4.42482413,4.09644617,3.05745241,3.87714594,..,..,..,..,..,..,..,..,..,..,..,..,..,..,..,..,..,..,..,..,..,..,..,..,..,..,..,..,..,..,..,..,..,..,..,..,..,..,..,..
Domestic general government health expenditure per capita (current US$),SH.XPD.GHED.PC.CD,Malaysia,MYS,218.88801391,197.20146264,185.44413416,202.45103613,233.14503996,210.67820187,204.59693325,186.13750323,153.95789637,138.38345949,141.78639451,123.27548471,108.93042275,79.75329262,78.57846459,73.80886066,62.01058341,57.60090903,51.67113443,..,..,..,..,..,..,..,..,..,..,..,..,..,..,..,..,..,..,..,..,..,..,..,..,..,..,..,..,..,..,..,..,..,..,..,..,..,..,..,..
Domestic general government health expenditure per capita (current US$),SH.XPD.GHED.PC.CD,Maldives,MDV,593.979401,632.44394435,683.87306073,566.03247694,416.84115712,340.90177828,305.80908207,268.10696908,318.10857539,386.49523343,423.13575487,218.21826874,142.37206151,108.01806271,91.08496644,74.67073527,71.78175435,75.03604927,73.55904725,..,..,..,..,..,..,..,..,..,..,..,..,..,..,..,..,..,..,..,..,..,..,..,..,..,..,..,..,..,..,..,..,..,..,..,..,..,..,..,..
Domestic general government health expenditure per capita (current US$),SH.XPD.GHED.PC.CD,Mali,MLI,10.30084858,9.77344099,9.43715412,6.90812697,7.56464058,6.56777437,3.2199983,5.06549383,4.75159872,4.68457215,4.99196321,5.95475744,6.40243778,6.83284972,7.00479958,5.55734561,3.73487139,3.24466753,3.49990162,..,..,..,..,..,..,..,..,..,..,..,..,..,..,..,..,..,..,..,..,..,..,..,..,..,..,..,..,..,..,..,..,..,..,..,..,..,..,..,..
Domestic general government health expenditure per capita (current US$),SH.XPD.GHED.PC.CD,Malta,MLT,1747.86846899,1604.95290258,1462.9821721,1364.75106157,1513.52882396,1432.90885625,1246.24567797,1263.15046516,1119.52787199,1088.93284222,1133.95119434,1066.33174096,1009.83597931,953.74293433,851.10897808,750.16026833,584.79408547,471.04235186,464.58569134,..,..,..,..,..,..,..,..,..,..,..,..,..,..,..,..,..,..,..,..,..,..,..,..,..,..,..,..,..,..,..,..,..,..,..,..,..,..,..,..
Domestic general government health expenditure per capita (current US$),SH.XPD.GHED.PC.CD,Marshall Islands,MHL,279.25473782,226.53186469,242.00258076,207.51708769,187.23034681,215.70264147,192.88104096,178.83255205,129.33133449,146.84798222,150.25572329,190.90417655,107.59646386,139.88743711,160.44153389,147.22369799,159.55569983,188.53342927,218.86156483,..,..,..,..,..,..,..,..,..,..,..,..,..,..,..,..,..,..,..,..,..,..,..,..,..,..,..,..,..,..,..,..,..,..,..,..,..,..,..,..
Domestic general government health expenditure per capita (current US$),SH.XPD.GHED.PC.CD,Mauritania,MRT,22.48532476,19.55020353,18.43224393,21.62420863,20.96651086,20.48913504,16.29592973,14.09355745,11.78388988,12.21029088,14.02235387,10.36675244,8.5169974,7.958813,5.85889235,5.54213351,5.58603489,3.52194097,3.17780752,..,..,..,..,..,..,..,..,..,..,..,..,..,..,..,..,..,..,..,..,..,..,..,..,..,..,..,..,..,..,..,..,..,..,..,..,..,..,..,..
Domestic general government health expenditure per capita (current US$),SH.XPD.GHED.PC.CD,Mauritius,MUS,288.51194205,268.33724844,244.03611774,220.53106204,252.15796675,189.14396693,176.93875876,163.11736595,162.06072308,117.49864199,113.53802111,98.61333161,93.86632268,95.2518585,103.25042122,84.96312111,71.91285955,64.25432967,63.68562826,..,..,..,..,..,..,..,..,..,..,..,..,..,..,..,..,..,..,..,..,..,..,..,..,..,..,..,..,..,..,..,..,..,..,..,..,..,..,..,..
Domestic general government health expenditure per capita (current US$),SH.XPD.GHED.PC.CD,Mexico,MEX,258.80856865,256.15990972,249.02669485,287.2827939,316.09936685,334.89746987,307.99222162,297.34338054,267.10822575,228.93957511,262.08870952,243.64752612,219.63152988,204.04278275,193.65762897,170.77811837,164.39648853,159.13490361,144.00003206,..,..,..,..,..,..,..,..,..,..,..,..,..,..,..,..,..,..,..,..,..,..,..,..,..,..,..,..,..,..,..,..,..,..,..,..,..,..,..,..
Domestic general government health expenditure per capita (current US$),SH.XPD.GHED.PC.CD,"Micronesia, Fed. Sts.",FSM,109.45539773,103.83862613,104.84474445,93.28776069,99.15893723,82.80897041,80.53441908,91.24291928,66.07359757,59.42218985,74.8384729,60.48944889,62.7592032,62.65017102,52.33838218,48.29851919,38.38101467,41.02516492,37.92489898,..,..,..,..,..,..,..,..,..,..,..,..,..,..,..,..,..,..,..,..,..,..,..,..,..,..,..,..,..,..,..,..,..,..,..,..,..,..,..,..
Domestic general government health expenditure per capita (current US$),SH.XPD.GHED.PC.CD,Moldova,MDA,156.27829497,123.47200568,83.52591214,84.90088497,113.87466658,108.18710393,108.52114491,100.32626759,90.9393406,88.93436404,89.46787131,69.19142105,49.31735434,41.82761584,38.22981482,17.59301958,16.2498533,11.67509098,10.46627459,..,..,..,..,..,..,..,..,..,..,..,..,..,..,..,..,..,..,..,..,..,..,..,..,..,..,..,..,..,..,..,..,..,..,..,..,..,..,..,..
Domestic general government health expenditure per capita (current US$),SH.XPD.GHED.PC.CD,Monaco,MCO,2544.5105294,2361.53705264,2365.16682787,2722.60469215,3197.71883806,3097.31886812,2861.94885623,2984.6271415,2858.36036713,2865.67402148,2878.97691947,2436.8022792,2188.24128494,2130.68545357,2085.17639328,1794.0512171,1251.7751408,1146.28616168,1126.90470661,..,..,..,..,..,..,..,..,..,..,..,..,..,..,..,..,..,..,..,..,..,..,..,..,..,..,..,..,..,..,..,..,..,..,..,..,..,..,..,..
Domestic general government health expenditure per capita (current US$),SH.XPD.GHED.PC.CD,Mongolia,MNG,91.40709941,90.65842853,96.07394253,93.62607816,98.66637176,98.74343813,101.92285783,80.10846333,64.62437591,53.17516134,68.75875302,47.05281403,33.23975251,22.69997708,21.19501818,18.00732486,20.39324652,18.34355934,20.06195085,..,..,..,..,..,..,..,..,..,..,..,..,..,..,..,..,..,..,..,..,..,..,..,..,..,..,..,..,..,..,..,..,..,..,..,..,..,..,..,..
Domestic general government health expenditure per capita (current US$),SH.XPD.GHED.PC.CD,Montenegro,MNE,435.60595199,353.71235,361.89262,348.84282952,355.57732203,349.03114732,346.39726395,352.68412544,..,..,..,..,..,..,..,..,..,..,..,..,..,..,..,..,..,..,..,..,..,..,..,..,..,..,..,..,..,..,..,..,..,..,..,..,..,..,..,..,..,..,..,..,..,..,..,..,..,..,..
Domestic general government health expenditure per capita (current US$),SH.XPD.GHED.PC.CD,Morocco,MAR,70.2470616,69.38964243,65.50721199,61.42798614,69.36906315,79.7854648,72.23446826,72.74479624,67.44257324,73.28890491,62.43866385,55.88649245,40.59862026,25.28253,25.47721028,21.82689725,17.54358294,14.70167576,13.23083418,..,..,..,..,..,..,..,..,..,..,..,..,..,..,..,..,..,..,..,..,..,..,..,..,..,..,..,..,..,..,..,..,..,..,..,..,..,..,..,..
Domestic general government health expenditure per capita (current US$),SH.XPD.GHED.PC.CD,Mozambique,MOZ,9.11512623,7.68312264,7.00548446,10.70903057,11.73238104,10.08421925,8.29302251,7.58819402,6.0314869,6.8329033,7.0008502,5.84725151,5.15387554,6.17129554,4.47398953,4.00292153,3.72930901,4.06767006,3.63652879,..,..,..,..,..,..,..,..,..,..,..,..,..,..,..,..,..,..,..,..,..,..,..,..,..,..,..,..,..,..,..,..,..,..,..,..,..,..,..,..
Domestic general government health expenditure per capita (current US$),SH.XPD.GHED.PC.CD,Myanmar,MMR,8.77954362,8.5601585,8.10248629,13.56955078,12.72630758,6.89479417,6.2182819,3.17643454,1.92902553,1.56882533,1.15549982,0.9656062,0.98133975,0.54073423,0.73977979,0.65036791,0.95511521,0.5053698,0.57049705,..,..,..,..,..,..,..,..,..,..,..,..,..,..,..,..,..,..,..,..,..,..,..,..,..,..,..,..,..,..,..,..,..,..,..,..,..,..,..,..
Domestic general government health expenditure per capita (current US$),SH.XPD.GHED.PC.CD,Namibia,NAM,216.2676162,217.6558928,198.78433792,206.27885391,212.42992952,225.45556753,229.99913243,234.20482241,212.06494187,146.62974186,171.7775313,204.00232079,168.6903336,169.8516631,172.46598028,138.43841229,93.82172544,96.25599173,105.65196737,..,..,..,..,..,..,..,..,..,..,..,..,..,..,..,..,..,..,..,..,..,..,..,..,..,..,..,..,..,..,..,..,..,..,..,..,..,..,..,..
Domestic general government health expenditure per capita (current US$),SH.XPD.GHED.PC.CD,Nauru,NRU,799.32067925,886.01431891,938.66435359,622.57642463,583.59264105,465.52539684,402.60015536,383.57009198,375.86234859,297.60396766,448.83526911,414.69357905,324.92796957,301.62042303,156.16087575,206.28882248,212.18240607,276.52904283,400.89531351,..,..,..,..,..,..,..,..,..,..,..,..,..,..,..,..,..,..,..,..,..,..,..,..,..,..,..,..,..,..,..,..,..,..,..,..,..,..,..,..
Domestic general government health expenditure per capita (current US$),SH.XPD.GHED.PC.CD,Nepal,NPL,12.05119387,11.35226956,8.97753768,7.96593856,7.4307832,5.88768734,6.01433347,6.20556343,5.43543166,4.30554949,3.55694254,3.21367471,3.33245788,2.75622445,2.11495803,1.94114875,2.1575191,1.61233194,1.32667073,..,..,..,..,..,..,..,..,..,..,..,..,..,..,..,..,..,..,..,..,..,..,..,..,..,..,..,..,..,..,..,..,..,..,..,..,..,..,..,..
Domestic general government health expenditure per capita (current US$),SH.XPD.GHED.PC.CD,Netherlands,NLD,3510.1953519,3174.06937605,3112.72483205,3089.04150501,3789.5852485,3723.8118113,3529.14101604,3744.18365902,3492.05594691,3522.95682991,3584.59181574,3252.35436269,2861.61140411,2616.13010565,2530.8737676,2276.42160017,1780.85281568,1514.94976674,1400.26961034,..,..,..,..,..,..,..,..,..,..,..,..,..,..,..,..,..,..,..,..,..,..,..,..,..,..,..,..,..,..,..,..,..,..,..,..,..,..,..,..
Domestic general government health expenditure per capita (current US$),SH.XPD.GHED.PC.CD,New Caledonia,NCL,..,..,..,..,..,..,..,..,..,..,..,..,..,..,..,..,..,..,..,..,..,..,..,..,..,..,..,..,..,..,..,..,..,..,..,..,..,..,..,..,..,..,..,..,..,..,..,..,..,..,..,..,..,..,..,..,..,..,..
Domestic general government health expenditure per capita (current US$),SH.XPD.GHED.PC.CD,New Zealand,NZL,3021.27715679,2973.24730171,2793.13195923,2675.7354512,3208.72420099,3070.33830821,2988.03811192,2856.42511568,2517.37012605,2099.18819483,2204.05747506,2140.54607568,1777.48760442,1766.0835693,1528.16225533,1216.23639702,933.92256069,767.92409204,785.05098106,..,..,..,..,..,..,..,..,..,..,..,..,..,..,..,..,..,..,..,..,..,..,..,..,..,..,..,..,..,..,..,..,..,..,..,..,..,..,..,..
Domestic general government health expenditure per capita (current US$),SH.XPD.GHED.PC.CD,Nicaragua,NIC,103.93600201,104.87438405,98.02805693,91.54326934,80.42050496,70.09036715,66.00342193,58.45754306,53.4573507,55.07870114,47.83448847,41.87146746,35.11261637,29.15138294,24.55173196,25.7163836,24.63880646,25.57780156,25.87521657,..,..,..,..,..,..,..,..,..,..,..,..,..,..,..,..,..,..,..,..,..,..,..,..,..,..,..,..,..,..,..,..,..,..,..,..,..,..,..,..
Domestic general government health expenditure per capita (current US$),SH.XPD.GHED.PC.CD,Niger,NER,10.0822834,9.76074056,5.48254453,5.38167514,7.18693528,7.39322715,5.4969551,6.50881372,6.24057192,7.11639968,7.40084326,5.84474286,6.9022235,6.15893552,3.37202806,2.86453925,2.74778919,2.38054943,2.22822023,..,..,..,..,..,..,..,..,..,..,..,..,..,..,..,..,..,..,..,..,..,..,..,..,..,..,..,..,..,..,..,..,..,..,..,..,..,..,..,..
Domestic general government health expenditure per capita (current US$),SH.XPD.GHED.PC.CD,Nigeria,NGA,10.71259516,10.48568757,10.33533363,16.08437315,14.37101138,14.66887738,15.00494387,12.1929077,10.44232037,10.98687083,14.51856162,13.95413042,14.09642853,13.94309404,11.57838297,7.25640001,3.88316427,5.00195584,3.24794466,..,..,..,..,..,..,..,..,..,..,..,..,..,..,..,..,..,..,..,..,..,..,..,..,..,..,..,..,..,..,..,..,..,..,..,..,..,..,..,..
Domestic general government health expenditure per capita (current US$),SH.XPD.GHED.PC.CD,North Macedonia,MKD,228.76987145,204.13601148,208.45975082,199.34093129,219.70839451,229.90798488,194.27130863,205.34331059,184.8831226,185.9443682,202.89450842,163.16270018,140.25747957,132.83197119,130.45939555,119.45133603,92.23731488,82.74371405,87.37783031,..,..,..,..,..,..,..,..,..,..,..,..,..,..,..,..,..,..,..,..,..,..,..,..,..,..,..,..,..,..,..,..,..,..,..,..,..,..,..,..
Domestic general government health expenditure per capita (current US$),SH.XPD.GHED.PC.CD,Northern Mariana Islands,MNP,..,..,..,..,..,..,..,..,..,..,..,..,..,..,..,..,..,..,..,..,..,..,..,..,..,..,..,..,..,..,..,..,..,..,..,..,..,..,..,..,..,..,..,..,..,..,..,..,..,..,..,..,..,..,..,..,..,..,..
Domestic general government health expenditure per capita (current US$),SH.XPD.GHED.PC.CD,Norway,NOR,7089.27213796,6652.84942996,6400.70000001,6469.64953836,7776.91543645,7857.19468131,7602.64536803,7513.96779489,6655.48143584,6165.48536617,6535.64352921,5771.65948627,4911.31004788,4638.14902555,4231.67411749,3852.75858623,3224.19055169,2565.97762256,2408.76086707,..,..,..,..,..,..,..,..,..,..,..,..,..,..,..,..,..,..,..,..,..,..,..,..,..,..,..,..,..,..,..,..,..,..,..,..,..,..,..,..
Domestic general government health expenditure per capita (current US$),SH.XPD.GHED.PC.CD,Oman,OMN,594.52892239,523.97810508,566.15846639,621.61118928,637.37579264,509.60701667,460.80566681,436.14273078,437.62170528,387.07133094,351.20199256,311.74737551,268.88402303,263.67517699,246.83156608,238.39538236,229.024619,214.35388169,215.43016523,..,..,..,..,..,..,..,..,..,..,..,..,..,..,..,..,..,..,..,..,..,..,..,..,..,..,..,..,..,..,..,..,..,..,..,..,..,..,..,..
Domestic general government health expenditure per capita (current US$),SH.XPD.GHED.PC.CD,Pakistan,PAK,15.31682317,13.34695082,11.76529179,9.90897019,8.90244847,8.09239809,7.77334064,7.06058182,5.56042932,5.23272985,4.94263033,6.0695135,4.06722214,4.33658376,4.36050703,3.61628161,5.75577571,4.80445215,5.47259446,..,..,..,..,..,..,..,..,..,..,..,..,..,..,..,..,..,..,..,..,..,..,..,..,..,..,..,..,..,..,..,..,..,..,..,..,..,..,..,..
Domestic general government health expenditure per capita (current US$),SH.XPD.GHED.PC.CD,Palau,PLW,1015.28151002,986.04503594,1061.99588152,622.08100764,613.04317486,590.57406566,516.41734694,440.63409411,418.36017822,402.10445721,323.47481822,347.93292619,355.41366428,326.61867449,346.62686868,308.9991418,297.33131334,324.89461467,360.28317194,..,..,..,..,..,..,..,..,..,..,..,..,..,..,..,..,..,..,..,..,..,..,..,..,..,..,..,..,..,..,..,..,..,..,..,..,..,..,..,..
Domestic general government health expenditure per capita (current US$),SH.XPD.GHED.PC.CD,Panama,PAN,729.76497071,669.94024279,688.85115805,586.33498032,552.30968392,493.80791706,426.88987345,403.76852728,383.46352901,359.55108701,332.74086318,289.22886769,228.93827522,190.71523706,216.71071398,187.02007552,192.20602578,187.00668615,192.76956156,..,..,..,..,..,..,..,..,..,..,..,..,..,..,..,..,..,..,..,..,..,..,..,..,..,..,..,..,..,..,..,..,..,..,..,..,..,..,..,..
Domestic general government health expenditure per capita (current US$),SH.XPD.GHED.PC.CD,Papua New Guinea,PNG,44.46991863,45.32049029,42.11017144,36.91635659,59.01987203,54.17575519,50.85136404,36.03309379,25.34785262,25.31863645,25.32959022,22.91291692,20.4748741,18.22567935,16.79900493,12.56902737,12.69150419,12.64693332,15.03951328,..,..,..,..,..,..,..,..,..,..,..,..,..,..,..,..,..,..,..,..,..,..,..,..,..,..,..,..,..,..,..,..,..,..,..,..,..,..,..,..
Domestic general government health expenditure per capita (current US$),SH.XPD.GHED.PC.CD,Paraguay,PRY,175.20636714,171.88386461,167.61777984,170.89007441,193.44221465,157.49412232,157.26027763,131.10346075,92.53607761,76.95111536,65.59512234,51.6706927,40.02430632,29.23621279,26.83456172,22.2567547,19.08682675,30.4820578,38.67697803,..,..,..,..,..,..,..,..,..,..,..,..,..,..,..,..,..,..,..,..,..,..,..,..,..,..,..,..,..,..,..,..,..,..,..,..,..,..,..,..
Domestic general government health expenditure per capita (current US$),SH.XPD.GHED.PC.CD,Peru,PER,224.99854838,208.1579795,193.3124352,190.38299906,199.29823316,180.47331796,162.64357111,135.01257432,125.56036456,105.74146816,92.56636542,77.70791526,68.96260479,68.34816042,55.14127234,49.94866911,50.22685477,47.1498833,44.57963879,..,..,..,..,..,..,..,..,..,..,..,..,..,..,..,..,..,..,..,..,..,..,..,..,..,..,..,..,..,..,..,..,..,..,..,..,..,..,..,..
Domestic general government health expenditure per capita (current US$),SH.XPD.GHED.PC.CD,Philippines,PHL,49.96304768,46.30892102,45.29753107,44.07346142,37.38839205,32.17285713,29.58417266,26.02438644,29.22440534,24.30531986,23.26271508,20.50601958,17.60779058,15.41420936,12.20665936,11.67712156,10.12387629,11.45327531,14.55174097,..,..,..,..,..,..,..,..,..,..,..,..,..,..,..,..,..,..,..,..,..,..,..,..,..,..,..,..,..,..,..,..,..,..,..,..,..,..,..,..
Domestic general government health expenditure per capita (current US$),SH.XPD.GHED.PC.CD,Poland,POL,695.74820078,625.99757797,559.74868429,557.41096533,637.32154653,617.25390684,569.2004259,615.15039401,577.36409892,544.98155393,635.56708166,460.57298699,361.50621221,319.11380912,264.45445015,232.69796499,220.94201269,198.9427525,162.34986038,..,..,..,..,..,..,..,..,..,..,..,..,..,..,..,..,..,..,..,..,..,..,..,..,..,..,..,..,..,..,..,..,..,..,..,..,..,..,..,..
Domestic general government health expenditure per capita (current US$),SH.XPD.GHED.PC.CD,Portugal,PRT,1355.4599458,1221.57384167,1154.66028991,1104.21738617,1271.80531652,1264.86258878,1213.34965289,1455.22584268,1502.7827684,1497.20646719,1495.02653771,1324.76991499,1178.48650964,1286.41444308,1216.32892542,1019.10206712,820.27834889,712.62673235,694.12732192,..,..,..,..,..,..,..,..,..,..,..,..,..,..,..,..,..,..,..,..,..,..,..,..,..,..,..,..,..,..,..,..,..,..,..,..,..,..,..,..
Domestic general government health expenditure per capita (current US$),SH.XPD.GHED.PC.CD,Puerto Rico,PRI,..,..,..,..,..,..,..,..,..,..,..,..,..,..,..,..,..,..,..,..,..,..,..,..,..,..,..,..,..,..,..,..,..,..,..,..,..,..,..,..,..,..,..,..,..,..,..,..,..,..,..,..,..,..,..,..,..,..,..
Domestic general government health expenditure per capita (current US$),SH.XPD.GHED.PC.CD,Qatar,QAT,1238.65123052,1332.9384817,1492.26120977,1580.93428385,1762.49048175,1486.30304345,1177.10109317,969.69590408,856.14531848,902.05571277,958.83494754,965.14829487,981.61191351,990.29484468,971.17738408,914.02438972,466.9924494,416.09022902,358.35166278,..,..,..,..,..,..,..,..,..,..,..,..,..,..,..,..,..,..,..,..,..,..,..,..,..,..,..,..,..,..,..,..,..,..,..,..,..,..,..,..
Domestic general government health expenditure per capita (current US$),SH.XPD.GHED.PC.CD,Romania,ROU,547.59798255,436.24340617,372.34224337,344.69443281,397.05260531,391.0020406,308.7417069,319.84833909,377.25195694,353.48690714,422.75919666,338.07742142,230.73812349,203.05204028,140.82470782,119.24171218,77.64548449,62.85804966,55.39739126,..,..,..,..,..,..,..,..,..,..,..,..,..,..,..,..,..,..,..,..,..,..,..,..,..,..,..,..,..,..,..,..,..,..,..,..,..,..,..,..
Domestic general government health expenditure per capita (current US$),SH.XPD.GHED.PC.CD,Russian Federation,RUS,362.09600641,330.92759359,264.75947864,292.45113116,455.76798395,503.45951182,482.29385978,427.69086524,347.46131082,320.17472409,381.50107878,286.38356201,217.62952382,166.24145279,122.93904365,95.65885652,82.05971968,68.55220396,56.63348305,..,..,..,..,..,..,..,..,..,..,..,..,..,..,..,..,..,..,..,..,..,..,..,..,..,..,..,..,..,..,..,..,..,..,..,..,..,..,..,..
Domestic general government health expenditure per capita (current US$),SH.XPD.GHED.PC.CD,Rwanda,RWA,18.35477079,17.21278856,16.63678857,15.81601424,16.30421326,15.71021665,14.9093865,14.69755349,12.43889666,10.91213548,9.86585315,7.6635799,5.44190297,5.35882067,5.27870086,5.75852094,1.76904766,1.66741748,1.68479763,..,..,..,..,..,..,..,..,..,..,..,..,..,..,..,..,..,..,..,..,..,..,..,..,..,..,..,..,..,..,..,..,..,..,..,..,..,..,..,..
Domestic general government health expenditure per capita (current US$),SH.XPD.GHED.PC.CD,Samoa,WSM,164.14192379,176.39013989,174.02497765,176.55921174,182.68021921,166.5417904,160.61793684,149.91225037,145.16706299,139.03286752,124.52028779,105.93350759,97.57163334,86.50833671,72.6929484,57.8167082,57.58941444,47.86725258,52.67574449,..,..,..,..,..,..,..,..,..,..,..,..,..,..,..,..,..,..,..,..,..,..,..,..,..,..,..,..,..,..,..,..,..,..,..,..,..,..,..,..
Domestic general government health expenditure per capita (current US$),SH.XPD.GHED.PC.CD,San Marino,SMR,2811.77530116,2729.31173475,2401.8581653,2501.79784921,3118.73904322,3250.47844167,3281.50353995,3473.18356257,3226.31101479,3349.36070577,3431.15063047,2966.94538289,2492.99545964,2326.1050735,2220.98122817,1862.96861774,1644.59754647,1624.74587217,1579.90027685,..,..,..,..,..,..,..,..,..,..,..,..,..,..,..,..,..,..,..,..,..,..,..,..,..,..,..,..,..,..,..,..,..,..,..,..,..,..,..,..
Domestic general government health expenditure per capita (current US$),SH.XPD.GHED.PC.CD,Sao Tome and Principe,STP,55.12792431,53.8567812,44.33745195,26.95013945,42.16662709,41.98615611,28.28420011,28.42557203,22.4147247,18.14875203,13.43778241,14.47202474,4.52409637,39.97141587,35.26806396,38.40872586,20.31628054,17.97240297,18.5543546,..,..,..,..,..,..,..,..,..,..,..,..,..,..,..,..,..,..,..,..,..,..,..,..,..,..,..,..,..,..,..,..,..,..,..,..,..,..,..,..
Domestic general government health expenditure per capita (current US$),SH.XPD.GHED.PC.CD,Saudi Arabia,SAU,943.06827608,936.00035874,773.88649951,847.25020917,912.78696251,772.15341551,692.86923753,591.14108859,435.18225865,449.27264503,379.35960418,413.8614302,405.82935449,341.53807658,286.54409088,276.75248134,267.20093401,281.08446737,278.30899283,..,..,..,..,..,..,..,..,..,..,..,..,..,..,..,..,..,..,..,..,..,..,..,..,..,..,..,..,..,..,..,..,..,..,..,..,..,..,..,..
Domestic general government health expenditure per capita (current US$),SH.XPD.GHED.PC.CD,Senegal,SEN,14.00180207,13.02462232,13.56280571,13.14602524,15.08441567,16.07077188,16.06685123,17.88601845,14.77127256,18.41126165,19.47479189,15.79151708,18.08246332,15.83445935,15.16687153,12.84749269,9.129174,9.18043557,7.68851681,..,..,..,..,..,..,..,..,..,..,..,..,..,..,..,..,..,..,..,..,..,..,..,..,..,..,..,..,..,..,..,..,..,..,..,..,..,..,..,..
Domestic general government health expenditure per capita (current US$),SH.XPD.GHED.PC.CD,Serbia,SRB,366.35212617,296.50176722,280.07852757,283.37759616,354.70669898,375.64127392,347.79420523,378.27509697,332.67635906,354.64958778,415.75004854,333.9128746,232.17671291,201.31896703,186.23793927,160.73910443,125.0397309,74.98530552,36.97342419,..,..,..,..,..,..,..,..,..,..,..,..,..,..,..,..,..,..,..,..,..,..,..,..,..,..,..,..,..,..,..,..,..,..,..,..,..,..,..,..
Domestic general government health expenditure per capita (current US$),SH.XPD.GHED.PC.CD,Seychelles,SYC,620.39160411,568.1795375,534.13655988,470.6808254,468.92418642,455.80374599,459.94823253,334.02748246,330.10294152,222.76787169,256.94062314,349.12036606,390.91968261,375.33534059,366.16204959,340.93201244,301.6854658,283.79464422,287.38346036,..,..,..,..,..,..,..,..,..,..,..,..,..,..,..,..,..,..,..,..,..,..,..,..,..,..,..,..,..,..,..,..,..,..,..,..,..,..,..,..
Domestic general government health expenditure per capita (current US$),SH.XPD.GHED.PC.CD,Sierra Leone,SLE,4.10468102,4.22658005,9.7309965,9.71811072,9.5588425,5.77923879,5.3918788,3.98573998,5.11246446,3.65037292,2.585312,3.8701186,3.50655427,5.03208551,5.59102351,5.86326823,7.08056784,5.76128769,4.20508108,..,..,..,..,..,..,..,..,..,..,..,..,..,..,..,..,..,..,..,..,..,..,..,..,..,..,..,..,..,..,..,..,..,..,..,..,..,..,..,..
Domestic general government health expenditure per capita (current US$),SH.XPD.GHED.PC.CD,Singapore,SGP,1334.03955415,1267.00037728,1172.31864715,1084.00261445,993.5713581,866.80926134,718.773991,622.09171601,537.04036817,463.39071107,483.20935577,375.55390104,336.08398234,299.82681087,281.6274809,316.235901,237.21593583,194.2520367,289.67871012,..,..,..,..,..,..,..,..,..,..,..,..,..,..,..,..,..,..,..,..,..,..,..,..,..,..,..,..,..,..,..,..,..,..,..,..,..,..,..,..
Domestic general government health expenditure per capita (current US$),SH.XPD.GHED.PC.CD,Sint Maarten (Dutch part),SXM,..,..,..,..,..,..,..,..,..,..,..,..,..,..,..,..,..,..,..,..,..,..,..,..,..,..,..,..,..,..,..,..,..,..,..,..,..,..,..,..,..,..,..,..,..,..,..,..,..,..,..,..,..,..,..,..,..,..,..
Domestic general government health expenditure per capita (current US$),SH.XPD.GHED.PC.CD,Slovak Republic,SVK,1029.72409649,939.91388335,940.00844365,873.13841585,1022.89491658,1004.74172666,938.42672041,975.21670495,920.50811308,945.70254605,935.30107465,707.33323006,507.90258999,451.79787243,402.65349107,299.69048502,223.47655253,187.04082544,178.04450021,..,..,..,..,..,..,..,..,..,..,..,..,..,..,..,..,..,..,..,..,..,..,..,..,..,..,..,..,..,..,..,..,..,..,..,..,..,..,..,..
Domestic general government health expenditure per capita (current US$),SH.XPD.GHED.PC.CD,Slovenia,SVN,1570.96801597,1382.13995604,1326.77453475,1267.15569241,1454.48309368,1445.00848973,1399.20843817,1552.12779002,1459.7067523,1530.36863418,1572.70827225,1261.46029192,1106.02706354,1046.62709173,985.27805596,865.82315476,684.36318078,582.99421059,568.7339825,..,..,..,..,..,..,..,..,..,..,..,..,..,..,..,..,..,..,..,..,..,..,..,..,..,..,..,..,..,..,..,..,..,..,..,..,..,..,..,..
Domestic general government health expenditure per capita (current US$),SH.XPD.GHED.PC.CD,Solomon Islands,SLB,75.07428537,72.69208452,70.47702868,69.50385864,67.56924476,62.42280815,66.37622309,57.20990391,49.16666137,42.77770537,43.65338297,62.54019671,58.80019355,64.95902622,42.39545595,41.31047642,45.64910804,58.18990838,45.22461223,..,..,..,..,..,..,..,..,..,..,..,..,..,..,..,..,..,..,..,..,..,..,..,..,..,..,..,..,..,..,..,..,..,..,..,..,..,..,..,..
Domestic general government health expenditure per capita (current US$),SH.XPD.GHED.PC.CD,Somalia,SOM,..,..,..,..,..,..,..,..,..,..,..,..,..,..,..,..,..,..,..,..,..,..,..,..,..,..,..,..,..,..,..,..,..,..,..,..,..,..,..,..,..,..,..,..,..,..,..,..,..,..,..,..,..,..,..,..,..,..,..
Domestic general government health expenditure per capita (current US$),SH.XPD.GHED.PC.CD,South Africa,ZAF,323.44125272,305.22740869,263.25000317,287.53696684,305.42759261,309.36245657,340.42515112,363.05351423,325.98439287,248.55526727,214.96496951,223.77936773,202.41494911,165.60960068,147.75393035,117.68907562,64.49217187,71.41025524,90.60414955,..,..,..,..,..,..,..,..,..,..,..,..,..,..,..,..,..,..,..,..,..,..,..,..,..,..,..,..,..,..,..,..,..,..,..,..,..,..,..,..
Domestic general government health expenditure per capita (current US$),SH.XPD.GHED.PC.CD,South Sudan,SSD,2.91472014,2.22710847,..,..,..,..,..,..,..,..,..,..,..,..,..,..,..,..,..,..,..,..,..,..,..,..,..,..,..,..,..,..,..,..,..,..,..,..,..,..,..,..,..,..,..,..,..,..,..,..,..,..,..,..,..,..,..,..,..
Domestic general government health expenditure per capita (current US$),SH.XPD.GHED.PC.CD,Spain,ESP,1925.69926152,1782.14395662,1700.64727485,1675.23212926,1882.80126215,1867.22980314,1868.3978521,2137.78672366,2076.63863293,2205.22731747,2194.85733358,1884.31933377,1616.60957876,1474.28104812,1373.13430626,1166.89728513,845.99762344,752.58606753,727.29733528,..,..,..,..,..,..,..,..,..,..,..,..,..,..,..,..,..,..,..,..,..,..,..,..,..,..,..,..,..,..,..,..,..,..,..,..,..,..,..,..
Domestic general government health expenditure per capita (current US$),SH.XPD.GHED.PC.CD,Sri Lanka,LKA,74.06991332,61.011071,65.31818176,65.92125953,61.57913585,62.51436738,47.90269473,50.61476519,43.78306218,40.73146344,40.15388157,35.75486073,33.32951371,30.16410002,26.83871621,23.33761424,22.90308797,21.72269347,23.44520933,..,..,..,..,..,..,..,..,..,..,..,..,..,..,..,..,..,..,..,..,..,..,..,..,..,..,..,..,..,..,..,..,..,..,..,..,..,..,..,..
Domestic general government health expenditure per capita (current US$),SH.XPD.GHED.PC.CD,St. Kitts and Nevis,KNA,461.74500995,445.68822351,425.24985655,362.48487777,364.96306414,333.87310523,325.03634681,322.8937231,311.41572971,314.42347213,290.22904869,300.52367152,303.67240862,259.33963422,236.51241969,215.05510039,205.42565917,197.17400697,192.23729225,..,..,..,..,..,..,..,..,..,..,..,..,..,..,..,..,..,..,..,..,..,..,..,..,..,..,..,..,..,..,..,..,..,..,..,..,..,..,..,..
Domestic general government health expenditure per capita (current US$),SH.XPD.GHED.PC.CD,St. Lucia,LCA,224.36319135,225.02613138,203.40609433,201.02836342,187.84516777,194.08814207,184.486914,162.30435162,154.61492383,147.63949497,134.71140726,123.66922485,119.56302379,111.32440849,103.38595819,100.96889553,103.23107726,100.78651806,99.54814189,..,..,..,..,..,..,..,..,..,..,..,..,..,..,..,..,..,..,..,..,..,..,..,..,..,..,..,..,..,..,..,..,..,..,..,..,..,..,..,..
Domestic general government health expenditure per capita (current US$),SH.XPD.GHED.PC.CD,St. Martin (French part),MAF,..,..,..,..,..,..,..,..,..,..,..,..,..,..,..,..,..,..,..,..,..,..,..,..,..,..,..,..,..,..,..,..,..,..,..,..,..,..,..,..,..,..,..,..,..,..,..,..,..,..,..,..,..,..,..,..,..,..,..
Domestic general government health expenditure per capita (current US$),SH.XPD.GHED.PC.CD,St. Vincent and the Grenadines,VCT,224.67515829,206.40141886,192.38594579,182.01397141,179.32412315,188.38595244,185.82270153,157.91861477,169.5997615,164.96367096,156.02733342,140.29275979,128.7376554,128.40976076,125.10478742,123.54642393,126.19790545,117.26554518,110.37662987,..,..,..,..,..,..,..,..,..,..,..,..,..,..,..,..,..,..,..,..,..,..,..,..,..,..,..,..,..,..,..,..,..,..,..,..,..,..,..,..
Domestic general government health expenditure per capita (current US$),SH.XPD.GHED.PC.CD,Sudan,SDN,13.08626342,34.68448615,39.01167374,49.48207266,29.55282576,21.03201134,26.9213768,30.79415126,30.41630616,39.19844785,29.4517932,32.78327146,22.21272997,15.94318462,12.1583389,8.02938183,6.2600894,5.52553313,5.15224797,..,..,..,..,..,..,..,..,..,..,..,..,..,..,..,..,..,..,..,..,..,..,..,..,..,..,..,..,..,..,..,..,..,..,..,..,..,..,..,..
Domestic general government health expenditure per capita (current US$),SH.XPD.GHED.PC.CD,Suriname,SUR,316.60149743,195.12249626,217.87826745,290.10260348,190.30951298,190.22358603,173.05465125,158.5149514,175.97941053,181.48435296,153.4602666,158.95370907,151.22718609,113.21622977,98.45447618,75.7373165,75.15065633,45.52766422,81.73238194,..,..,..,..,..,..,..,..,..,..,..,..,..,..,..,..,..,..,..,..,..,..,..,..,..,..,..,..,..,..,..,..,..,..,..,..,..,..,..,..
Domestic general government health expenditure per capita (current US$),SH.XPD.GHED.PC.CD,Sweden,SWE,5091.37246796,4944.98509252,4786.71187504,4700.70871748,5550.83227373,5626.71319062,5267.27572329,5365.61673639,3642.80125651,3412.91843351,3817.80721984,3556.70274403,3101.05820071,2919.44549154,2884.40847771,2585.50971793,2030.52993443,1771.09782397,1835.81716272,..,..,..,..,..,..,..,..,..,..,..,..,..,..,..,..,..,..,..,..,..,..,..,..,..,..,..,..,..,..,..,..,..,..,..,..,..,..,..,..
Domestic general government health expenditure per capita (current US$),SH.XPD.GHED.PC.CD,Switzerland,CHE,3081.6976749,3031.3860417,2925.79361537,2985.30670673,3074.46406524,3041.3440123,3008.8597743,3027.88310133,2493.58823462,2346.02520129,2250.53767604,1890.15058554,1736.13397544,1761.6455246,1732.26568006,1576.10565356,1320.92528445,1127.7236425,1016.90206874,..,..,..,..,..,..,..,..,..,..,..,..,..,..,..,..,..,..,..,..,..,..,..,..,..,..,..,..,..,..,..,..,..,..,..,..,..,..,..,..
Domestic general government health expenditure per capita (current US$),SH.XPD.GHED.PC.CD,Syrian Arab Republic,SYR,..,..,..,..,..,..,31.62370821,36.48174356,41.54053076,40.60389128,39.88059616,35.69593688,30.82193673,32.00033072,29.41291171,29.37625685,29.02587122,24.21614877,19.26449766,..,..,..,..,..,..,..,..,..,..,..,..,..,..,..,..,..,..,..,..,..,..,..,..,..,..,..,..,..,..,..,..,..,..,..,..,..,..,..,..
Domestic general government health expenditure per capita (current US$),SH.XPD.GHED.PC.CD,Tajikistan,TJK,16.1849024,16.870901,16.05946368,18.99697946,23.25199694,20.05554849,15.58621631,11.06036942,8.84642757,7.32875374,9.75132234,5.66357888,3.80143861,3.36490327,2.78414632,1.82759744,1.5198849,1.46776489,1.23969819,..,..,..,..,..,..,..,..,..,..,..,..,..,..,..,..,..,..,..,..,..,..,..,..,..,..,..,..,..,..,..,..,..,..,..,..,..,..,..,..
Domestic general government health expenditure per capita (current US$),SH.XPD.GHED.PC.CD,Tanzania,TZA,15.82210423,15.37982642,15.10728419,11.57036208,11.99556281,11.16660995,9.90763778,9.68225363,10.41769822,9.9919319,14.98752043,10.40695336,11.3607747,10.32276441,8.19506934,5.81181154,4.94709528,3.99377212,2.75407745,..,..,..,..,..,..,..,..,..,..,..,..,..,..,..,..,..,..,..,..,..,..,..,..,..,..,..,..,..,..,..,..,..,..,..,..,..,..,..,..
Domestic general government health expenditure per capita (current US$),SH.XPD.GHED.PC.CD,Thailand,THA,196.35004381,182.37137871,170.89178125,160.52558273,165.97167406,161.77828882,157.07769982,149.77379728,126.95728343,111.51077227,114.18922856,95.91094206,75.15147646,58.25922174,53.53652151,48.25732626,43.52462533,31.52049887,34.36299579,..,..,..,..,..,..,..,..,..,..,..,..,..,..,..,..,..,..,..,..,..,..,..,..,..,..,..,..,..,..,..,..,..,..,..,..,..,..,..,..
Domestic general government health expenditure per capita (current US$),SH.XPD.GHED.PC.CD,Timor-Leste,TLS,55.6886628,57.24458962,46.35492189,58.71427115,50.85448651,53.81108373,42.47872539,33.40147743,26.52193598,21.96446261,20.86459086,5.06362168,10.70452918,9.86121481,7.58392951,6.74267243,..,..,..,..,..,..,..,..,..,..,..,..,..,..,..,..,..,..,..,..,..,..,..,..,..,..,..,..,..,..,..,..,..,..,..,..,..,..,..,..,..,..,..
Domestic general government health expenditure per capita (current US$),SH.XPD.GHED.PC.CD,Togo,TGO,9.19254793,8.70843702,7.88492618,7.26501748,8.94139186,8.31812064,9.32394669,8.48512311,8.30393348,5.15613939,4.51743691,3.77872265,3.10709052,2.76201622,2.4760652,2.01767965,1.51136346,1.28383152,1.18907251,..,..,..,..,..,..,..,..,..,..,..,..,..,..,..,..,..,..,..,..,..,..,..,..,..,..,..,..,..,..,..,..,..,..,..,..,..,..,..,..
Domestic general government health expenditure per capita (current US$),SH.XPD.GHED.PC.CD,Tonga,TON,148.87847438,131.50410444,124.37019191,110.62124028,123.45626717,120.38919053,114.06378179,116.33628033,102.08750342,93.85942396,94.45591893,94.05713812,81.20844929,67.53417758,58.66774528,50.34457971,47.46252463,41.40961217,44.38412626,..,..,..,..,..,..,..,..,..,..,..,..,..,..,..,..,..,..,..,..,..,..,..,..,..,..,..,..,..,..,..,..,..,..,..,..,..,..,..,..
Domestic general government health expenditure per capita (current US$),SH.XPD.GHED.PC.CD,Trinidad and Tobago,TTO,553.7059969,591.5617932,556.48208205,569.93965484,530.08620676,521.91743812,456.00429048,454.51791897,414.90369676,385.92861637,374.88434771,321.60204545,266.188824,267.68455687,193.96794626,170.08020793,140.81396934,122.79455381,102.57470223,..,..,..,..,..,..,..,..,..,..,..,..,..,..,..,..,..,..,..,..,..,..,..,..,..,..,..,..,..,..,..,..,..,..,..,..,..,..,..,..
Domestic general government health expenditure per capita (current US$),SH.XPD.GHED.PC.CD,Tunisia,TUN,133.03732275,133.05227935,133.6561934,138.06365395,170.38796448,171.0937187,156.27851324,154.74639079,135.8800439,128.83779116,126.64546036,109.43763743,94.78869536,87.58705726,86.75069919,77.54155201,65.17812453,59.95378926,58.81090317,..,..,..,..,..,..,..,..,..,..,..,..,..,..,..,..,..,..,..,..,..,..,..,..,..,..,..,..,..,..,..,..,..,..,..,..,..,..,..,..
Domestic general government health expenditure per capita (current US$),SH.XPD.GHED.PC.CD,Turkey,TUR,301.686818,343.96040281,366.16472344,354.03442155,408.08426297,432.02622823,415.05635283,420.49637955,420.66655785,402.6493548,414.9747373,352.75620632,287.06154683,247.2106145,214.79889964,169.96228891,130.63609277,103.31339754,123.0431621,..,..,..,..,..,..,..,..,..,..,..,..,..,..,..,..,..,..,..,..,..,..,..,..,..,..,..,..,..,..,..,..,..,..,..,..,..,..,..,..
Domestic general government health expenditure per capita (current US$),SH.XPD.GHED.PC.CD,Turkmenistan,TKM,83.38689149,101.98471223,78.59692959,97.01852501,118.02316175,107.35750016,85.20803342,71.86284792,53.34489115,47.10975673,40.94059443,73.95153883,68.71715035,72.98247157,73.08541202,66.46051488,45.88681824,42.80917227,35.74790815,..,..,..,..,..,..,..,..,..,..,..,..,..,..,..,..,..,..,..,..,..,..,..,..,..,..,..,..,..,..,..,..,..,..,..,..,..,..,..,..
Domestic general government health expenditure per capita (current US$),SH.XPD.GHED.PC.CD,Turks and Caicos Islands,TCA,..,..,..,..,..,..,..,..,..,..,..,..,..,..,..,..,..,..,..,..,..,..,..,..,..,..,..,..,..,..,..,..,..,..,..,..,..,..,..,..,..,..,..,..,..,..,..,..,..,..,..,..,..,..,..,..,..,..,..
Domestic general government health expenditure per capita (current US$),SH.XPD.GHED.PC.CD,Tuvalu,TUV,627.10696825,444.89085554,423.84029438,418.98580383,475.6844586,470.38324539,467.61692156,486.0160039,425.11006854,315.73743713,290.16175537,265.45169437,241.85109325,221.86920836,204.57050587,248.93393406,192.94268998,250.36990725,357.16825087,..,..,..,..,..,..,..,..,..,..,..,..,..,..,..,..,..,..,..,..,..,..,..,..,..,..,..,..,..,..,..,..,..,..,..,..,..,..,..,..
Domestic general government health expenditure per capita (current US$),SH.XPD.GHED.PC.CD,Uganda,UGA,5.37704109,4.9007599,5.99604044,5.96601784,8.95187458,8.82513294,8.27973695,7.46431583,8.09648391,6.2223775,6.57727829,5.41965247,4.65403401,4.4919521,5.45244608,4.90393166,4.86271749,4.29654422,4.12171013,..,..,..,..,..,..,..,..,..,..,..,..,..,..,..,..,..,..,..,..,..,..,..,..,..,..,..,..,..,..,..,..,..,..,..,..,..,..,..,..
Domestic general government health expenditure per capita (current US$),SH.XPD.GHED.PC.CD,Ukraine,UKR,103.27632476,88.45445676,75.97784136,74.59420961,102.12053737,135.15515175,144.65301144,122.44927139,109.49777546,98.00298072,125.2994737,110.05381608,89.65517875,68.30808825,46.68626853,38.42004072,27.09808314,21.90360759,16.6251619,..,..,..,..,..,..,..,..,..,..,..,..,..,..,..,..,..,..,..,..,..,..,..,..,..,..,..,..,..,..,..,..,..,..,..,..,..,..,..,..
Domestic general government health expenditure per capita (current US$),SH.XPD.GHED.PC.CD,United Arab Emirates,ARE,937.35993401,904.39816608,953.5337233,987.21030802,1127.30539444,1096.76559803,1018.18421074,1041.75550995,931.47000892,955.64989752,832.84233958,629.39590216,558.44142176,519.16125642,510.8479763,543.20437432,525.28966489,598.47136954,541.71028527,..,..,..,..,..,..,..,..,..,..,..,..,..,..,..,..,..,..,..,..,..,..,..,..,..,..,..,..,..,..,..,..,..,..,..,..,..,..,..,..
Domestic general government health expenditure per capita (current US$),SH.XPD.GHED.PC.CD,United Kingdom,GBR,3389.78836834,3159.39594302,3265.41027922,3582.18679901,3792.67428839,3471.19111868,3429.2251308,3403.98178013,3207.38450556,3178.78911475,3505.2259204,3577.37641434,3153.09286995,2887.8150874,2713.50843951,2196.72493118,1848.28848655,1607.79883768,1557.00443602,..,..,..,..,..,..,..,..,..,..,..,..,..,..,..,..,..,..,..,..,..,..,..,..,..,..,..,..,..,..,..,..,..,..,..,..,..,..,..,..
Domestic general government health expenditure per capita (current US$),SH.XPD.GHED.PC.CD,United States,USA,5338.81790143,5117.23641872,4965.9381477,4804.29225078,4531.41727301,4215.40378442,4074.73127937,3954.62862548,3854.49548183,3714.85141545,3515.59985961,3328.42807178,3159.01278784,2929.73292438,2761.53481905,2578.606216,2406.65111255,2219.07243004,2017.00345637,..,..,..,..,..,..,..,..,..,..,..,..,..,..,..,..,..,..,..,..,..,..,..,..,..,..,..,..,..,..,..,..,..,..,..,..,..,..,..,..
Domestic general government health expenditure per capita (current US$),SH.XPD.GHED.PC.CD,Uruguay,URY,1165.41237952,1142.60166509,1008.23388115,962.11891913,1005.59002927,994.65342293,853.91520141,755.96357614,618.39476978,484.32853245,451.90151966,277.60171914,236.17129717,198.97994697,194.38569201,198.28639973,206.23928961,300.38825236,285.80970181,..,..,..,..,..,..,..,..,..,..,..,..,..,..,..,..,..,..,..,..,..,..,..,..,..,..,..,..,..,..,..,..,..,..,..,..,..,..,..,..
Domestic general government health expenditure per capita (current US$),SH.XPD.GHED.PC.CD,Uzbekistan,UZB,31.40143368,38.59485558,56.30999934,65.62662401,61.41725704,58.66701951,53.52739852,43.37691732,37.03344814,29.82680586,24.84340147,18.46967885,15.34712819,12.30990994,10.429692,9.3472707,9.20576701,11.82361877,13.97567996,..,..,..,..,..,..,..,..,..,..,..,..,..,..,..,..,..,..,..,..,..,..,..,..,..,..,..,..,..,..,..,..,..,..,..,..,..,..,..,..
Domestic general government health expenditure per capita (current US$),SH.XPD.GHED.PC.CD,Vanuatu,VUT,66.89699662,45.19466703,37.25801879,56.5832393,17.19856839,66.35229018,68.93850195,74.92259364,55.09578428,51.55944868,59.78541789,52.31749153,43.98406158,40.39506841,41.5650651,39.35326002,35.52639165,34.29665813,36.31473464,..,..,..,..,..,..,..,..,..,..,..,..,..,..,..,..,..,..,..,..,..,..,..,..,..,..,..,..,..,..,..,..,..,..,..,..,..,..,..,..
Domestic general government health expenditure per capita (current US$),SH.XPD.GHED.PC.CD,"Venezuela, RB",VEN,302.49633422,313.75650931,238.7686882,300.2081155,240.94679744,268.8385019,370.7151824,337.3064254,358.19450425,304.94824451,291.56853939,340.01925881,314.38438726,154.91301821,158.93108316,123.60210837,131.50974759,175.88376806,162.88348851,..,..,..,..,..,..,..,..,..,..,..,..,..,..,..,..,..,..,..,..,..,..,..,..,..,..,..,..,..,..,..,..,..,..,..,..,..,..,..,..
Domestic general government health expenditure per capita (current US$),SH.XPD.GHED.PC.CD,Vietnam,VNM,67.91673632,64.62774436,58.84340106,49.27776173,49.26475222,56.3077061,45.65949866,34.66353448,31.15348338,23.3573898,22.29302947,17.48388091,15.23721709,12.8682337,10.24890108,7.36380559,7.16934722,6.14282925,6.6015554,..,..,..,..,..,..,..,..,..,..,..,..,..,..,..,..,..,..,..,..,..,..,..,..,..,..,..,..,..,..,..,..,..,..,..,..,..,..,..,..
Domestic general government health expenditure per capita (current US$),SH.XPD.GHED.PC.CD,Virgin Islands (U.S.),VIR,..,..,..,..,..,..,..,..,..,..,..,..,..,..,..,..,..,..,..,..,..,..,..,..,..,..,..,..,..,..,..,..,..,..,..,..,..,..,..,..,..,..,..,..,..,..,..,..,..,..,..,..,..,..,..,..,..,..,..
Domestic general government health expenditure per capita (current US$),SH.XPD.GHED.PC.CD,West Bank and Gaza,PSE,..,..,..,..,..,..,..,..,..,..,..,..,..,..,..,..,..,..,..,..,..,..,..,..,..,..,..,..,..,..,..,..,..,..,..,..,..,..,..,..,..,..,..,..,..,..,..,..,..,..,..,..,..,..,..,..,..,..,..
Domestic general government health expenditure per capita (current US$),SH.XPD.GHED.PC.CD,"Yemen, Rep.",YEM,..,..,..,7.45118041,13.11555278,15.74378836,17.95190713,15.01249116,15.51247857,14.60610771,19.70250551,15.91433608,14.99555281,13.78998635,13.86630418,14.91423879,13.51459574,13.62740351,13.12935636,..,..,..,..,..,..,..,..,..,..,..,..,..,..,..,..,..,..,..,..,..,..,..,..,..,..,..,..,..,..,..,..,..,..,..,..,..,..,..,..
Domestic general government health expenditure per capita (current US$),SH.XPD.GHED.PC.CD,Zambia,ZMB,29.76423856,27.10675549,21.96397892,27.96954774,33.38177915,24.60860862,22.88140719,20.13584855,12.53078242,5.08398711,8.0842275,10.99885489,18.08646577,12.86407047,13.00717359,10.62747551,11.30725999,11.89267238,10.99822991,..,..,..,..,..,..,..,..,..,..,..,..,..,..,..,..,..,..,..,..,..,..,..,..,..,..,..,..,..,..,..,..,..,..,..,..,..,..,..,..
Domestic general government health expenditure per capita (current US$),SH.XPD.GHED.PC.CD,Zimbabwe,ZWE,45.32473722,27.77739311,26.20058922,22.41823634,39.1961167,28.85835466,26.083703,23.18179707,26.11171086,..,..,..,..,..,..,..,..,..,..,..,..,..,..,..,..,..,..,..,..,..,..,..,..,..,..,..,..,..,..,..,..,..,..,..,..,..,..,..,..,..,..,..,..,..,..,..,..,..,..
,,,,,,,,,,,,,,,,,,,,,,,,,,,,,,,,,,,,,,,,,,,,,,,,,,,,,,,,,,,,,,
,,,,,,,,,,,,,,,,,,,,,,,,,,,,,,,,,,,,,,,,,,,,,,,,,,,,,,,,,,,,,,
,,,,,,,,,,,,,,,,,,,,,,,,,,,,,,,,,,,,,,,,,,,,,,,,,,,,,,,,,,,,,,
Data from database: World Development Indicators,,,,,,,,,,,,,,,,,,,,,,,,,,,,,,,,,,,,,,,,,,,,,,,,,,,,,,,,,,,,,,
Last Updated: 02/15/2022,,,,,,,,,,,,,,,,,,,,,,,,,,,,,,,,,,,,,,,,,,,,,,,,,,,,,,,,,,,,,,
